"Name","batch_size","data.batch_size","data.dataset_names","data.transcriptome_processor","data.use_replicates","learning_rate","loss_config.clip_lambda","loss_config.clip_lite_lambda","loss_config.sample_weighting","max_epochs","model.learning_rate","model.loss_config.clip_lambda","model.loss_config.clip_lite_lambda","model.loss_config.clip_lite_prior_weight","model.loss_config.clip_lite_text_prior","model.loss_config.clip_lite_transcriptome_prior","model.loss_config.clip_lite_type","model.loss_config.sample_weighting","model.max_epochs","model.model_config.locking_mode","model.model_config.projection_dim","model.model_config.text_model_type","model.model_config.transcriptome_model_type","model.model_config.unlocked_fp16","model_ckpt","seed_everything","trainer.accumulate_grad_batches","trainer.logger.init_args.name","trainer.max_epochs","wandb","Runtime","Hostname","Notes","GPU Type","test/clip_lite_loss_epoch","test/clip_lite_loss_step","test/clip_loss_epoch","test/clip_loss_step","test/loss_epoch","test/loss_step","valfn_human_disease_strictly_deduplicated_dmis-lab_biobert-v1.1_CLS_pooling/text_as_classes_accuracy_macroAvg","valfn_human_disease_strictly_deduplicated_dmis-lab_biobert-v1.1_CLS_pooling/text_as_classes_f1_macroAvg","valfn_human_disease_strictly_deduplicated_dmis-lab_biobert-v1.1_CLS_pooling/text_as_classes_precision_macroAvg","valfn_human_disease_strictly_deduplicated_dmis-lab_biobert-v1.1_CLS_pooling/text_as_classes_recall_at_10_macroAvg","valfn_human_disease_strictly_deduplicated_dmis-lab_biobert-v1.1_CLS_pooling/text_as_classes_recall_at_1_macroAvg","valfn_human_disease_strictly_deduplicated_dmis-lab_biobert-v1.1_CLS_pooling/text_as_classes_recall_at_50_macroAvg","valfn_human_disease_strictly_deduplicated_dmis-lab_biobert-v1.1_CLS_pooling/text_as_classes_recall_at_5_macroAvg","valfn_human_disease_strictly_deduplicated_dmis-lab_biobert-v1.1_CLS_pooling/text_as_classes_rocauc_macroAvg","valfn_human_disease_strictly_deduplicated_dmis-lab_biobert-v1.1_CLS_pooling/transcriptomes_as_classes_accuracy_macroAvg","valfn_human_disease_strictly_deduplicated_dmis-lab_biobert-v1.1_CLS_pooling/transcriptomes_as_classes_f1_macroAvg","valfn_human_disease_strictly_deduplicated_dmis-lab_biobert-v1.1_CLS_pooling/transcriptomes_as_classes_precision_macroAvg","valfn_human_disease_strictly_deduplicated_dmis-lab_biobert-v1.1_CLS_pooling/transcriptomes_as_classes_recall_at_10_macroAvg","valfn_human_disease_strictly_deduplicated_dmis-lab_biobert-v1.1_CLS_pooling/transcriptomes_as_classes_recall_at_1_macroAvg","valfn_human_disease_strictly_deduplicated_dmis-lab_biobert-v1.1_CLS_pooling/transcriptomes_as_classes_recall_at_50_macroAvg","valfn_human_disease_strictly_deduplicated_dmis-lab_biobert-v1.1_CLS_pooling/transcriptomes_as_classes_recall_at_5_macroAvg","valfn_human_disease_strictly_deduplicated_dmis-lab_biobert-v1.1_CLS_pooling/transcriptomes_as_classes_rocauc_macroAvg","valfn_immgen_deduplicated/text_as_classes_accuracy_macroAvg","valfn_immgen_deduplicated/text_as_classes_f1_macroAvg","valfn_immgen_deduplicated/text_as_classes_precision_macroAvg","valfn_immgen_deduplicated/text_as_classes_recall_at_10_macroAvg","valfn_immgen_deduplicated/text_as_classes_recall_at_1_macroAvg","valfn_immgen_deduplicated/text_as_classes_recall_at_5_macroAvg","valfn_immgen_deduplicated/text_as_classes_rocauc_macroAvg","valfn_immgen_deduplicated/transcriptomes_as_classes_accuracy_macroAvg","valfn_immgen_deduplicated/transcriptomes_as_classes_f1_macroAvg","valfn_immgen_deduplicated/transcriptomes_as_classes_precision_macroAvg","valfn_immgen_deduplicated/transcriptomes_as_classes_recall_at_10_macroAvg","valfn_immgen_deduplicated/transcriptomes_as_classes_recall_at_1_macroAvg","valfn_immgen_deduplicated/transcriptomes_as_classes_recall_at_5_macroAvg","valfn_immgen_deduplicated/transcriptomes_as_classes_rocauc_macroAvg","valfn_integration_TabSap/ARI_cluster__label","valfn_integration_TabSap/ASW_label","valfn_integration_TabSap/ASW_label__batch","valfn_integration_TabSap/NMI_cluster__label","valfn_integration_TabSap/PCR_batch","valfn_integration_TabSap/avg_bio","valfn_integration_TabSap/graph_conn","valfn_integration_TabSapWellStudied/ARI_cluster__label","valfn_integration_TabSapWellStudied/ASW_label","valfn_integration_TabSapWellStudied/ASW_label__batch","valfn_integration_TabSapWellStudied/NMI_cluster__label","valfn_integration_TabSapWellStudied/PCR_batch","valfn_integration_TabSapWellStudied/avg_bio","valfn_integration_TabSapWellStudied/graph_conn","valfn_zshot_TabSapWellStudied_cell_lvl/accuracy_macroAvg","valfn_zshot_TabSapWellStudied_cell_lvl/f1_macroAvg","valfn_zshot_TabSapWellStudied_cell_lvl/precision_macroAvg","valfn_zshot_TabSapWellStudied_cell_lvl/recall_at_10_macroAvg","valfn_zshot_TabSapWellStudied_cell_lvl/recall_at_1_macroAvg","valfn_zshot_TabSapWellStudied_cell_lvl/recall_at_5_macroAvg","valfn_zshot_TabSapWellStudied_cell_lvl/rocauc_macroAvg","valfn_zshot_TabSapWellStudied_celltype_lvl/accuracy_macroAvg","valfn_zshot_TabSapWellStudied_celltype_lvl/f1_macroAvg","valfn_zshot_TabSapWellStudied_celltype_lvl/precision_macroAvg","valfn_zshot_TabSapWellStudied_celltype_lvl/recall_at_10_macroAvg","valfn_zshot_TabSapWellStudied_celltype_lvl/recall_at_1_macroAvg","valfn_zshot_TabSapWellStudied_celltype_lvl/recall_at_5_macroAvg","valfn_zshot_TabSapWellStudied_celltype_lvl/rocauc_macroAvg","valfn_zshot_TabSap_cell_lvl/accuracy_macroAvg","valfn_zshot_TabSap_cell_lvl/f1_macroAvg","valfn_zshot_TabSap_cell_lvl/precision_macroAvg","valfn_zshot_TabSap_cell_lvl/recall_at_10_macroAvg","valfn_zshot_TabSap_cell_lvl/recall_at_1_macroAvg","valfn_zshot_TabSap_cell_lvl/recall_at_50_macroAvg","valfn_zshot_TabSap_cell_lvl/recall_at_5_macroAvg","valfn_zshot_TabSap_cell_lvl/rocauc_macroAvg","valfn_zshot_TabSap_celltype_lvl/accuracy_macroAvg","valfn_zshot_TabSap_celltype_lvl/f1_macroAvg","valfn_zshot_TabSap_celltype_lvl/precision_macroAvg","valfn_zshot_TabSap_celltype_lvl/recall_at_10_macroAvg","valfn_zshot_TabSap_celltype_lvl/recall_at_1_macroAvg","valfn_zshot_TabSap_celltype_lvl/recall_at_50_macroAvg","valfn_zshot_TabSap_celltype_lvl/recall_at_5_macroAvg","valfn_zshot_TabSap_celltype_lvl/rocauc_macroAvg","valfn_zshot_retrieval_validation_set/text_as_classes_accuracy_macroAvg","valfn_zshot_retrieval_validation_set/text_as_classes_f1_macroAvg","valfn_zshot_retrieval_validation_set/text_as_classes_precision_macroAvg","valfn_zshot_retrieval_validation_set/text_as_classes_recall_at_10_macroAvg","valfn_zshot_retrieval_validation_set/text_as_classes_recall_at_1_macroAvg","valfn_zshot_retrieval_validation_set/text_as_classes_recall_at_50_macroAvg","valfn_zshot_retrieval_validation_set/text_as_classes_recall_at_5_macroAvg","valfn_zshot_retrieval_validation_set/text_as_classes_rocauc_macroAvg","valfn_zshot_retrieval_validation_set/transcriptomes_as_classes_accuracy_macroAvg","valfn_zshot_retrieval_validation_set/transcriptomes_as_classes_f1_macroAvg","valfn_zshot_retrieval_validation_set/transcriptomes_as_classes_precision_macroAvg","valfn_zshot_retrieval_validation_set/transcriptomes_as_classes_recall_at_10_macroAvg","valfn_zshot_retrieval_validation_set/transcriptomes_as_classes_recall_at_1_macroAvg","valfn_zshot_retrieval_validation_set/transcriptomes_as_classes_recall_at_50_macroAvg","valfn_zshot_retrieval_validation_set/transcriptomes_as_classes_recall_at_5_macroAvg","valfn_zshot_retrieval_validation_set/transcriptomes_as_classes_rocauc_macroAvg","Tags"
"full_model_1","512","512","archs4_geo,cellxgene_census","geneformer","false","0.00004","1","0","true","4","0.00004","1","0","0.1","false","false","dot","true","4","LU","2048","bert","geneformer","false","/msc/home/mschae83/cellwhisperer/results/models/ablations/full_model/seed_1.ckpt","1","1","full_model_1","4","full_model_1","184","s0-n11","-","NVIDIA A100-PCIE-40GB","7.370306968688965","6.966618061065674","2.986633777618408","0.6159706711769104","2.986633777618408","0.6159706711769104","0.12999999523162842","0.08799999952316284","0.07366666942834854","0.8100000023841858","0.12999999523162842","0.9800000190734864","0.5699999928474426","0.9368686676025392","0.15000000596046448","0.08399999886751175","0.061500001698732376","0.8500000238418579","0.15000000596046448","0.9700000286102296","0.6299999952316284","0.9342424273490906","0.20000000298023224","0.11666667461395264","0.09333333373069765","1","0.20000000298023224","0.8500000238418579","0.9421054124832152","0.4000000059604645","0.3333333134651184","0.30000001192092896","1","0.4000000059604645","1","0.923684298992157","0.2430681222569768","0.5116052404046059","0.851079144698384","0.7008841489882732","0.12202813680704154","0.4851858372166187","0.8640298507462687","0.6052199569002329","0.5724982470273972","0.8804695015130128","0.785181786993384","0.15007226495787676","0.6542999969736714","0.9519999999999996","0.5360000133514404","0.48143619298934937","0.5163648128509521","0.9609999656677246","0.5360000133514404","0.8929999470710754","0.9403250813484192","0.6000000238418579","0.5083333253860474","0.46666669845581055","1","0.6000000238418579","1","0.9815790057182312","0.16529850661754608","0.11769315600395204","0.15121468901634216","0.6282089352607727","0.16529850661754608","0.9420148730278016","0.4622388184070587","0.9268978834152222","0.21641790866851807","0.12358498573303224","0.10058293491601944","0.7164179086685181","0.21641790866851807","0.9776119589805604","0.5074626803398132","0.9636964797973632","0.212890625","0.15658250451087952","0.13685554265975952","0.7490234375","0.212890625","0.9765625","0.5771484375","0.9907994270324708","0.19921875","0.12766540050506592","0.10750249028205872","0.7060546875","0.19921875","0.9716796875","0.548828125","0.9915001392364502",""
"locking_mode_UU_1","16","16","archs4_geo,cellxgene_census","geneformer","false","0.000001","1","0","true","2","0.000001","1","0","0.1","false","false","dot","true","2","LU","2048","bert","geneformer","false","/msc/home/mschae83/cellwhisperer/results/models/ablations/locking_mode_UU/seed_1.ckpt","1","1","locking_mode_UU_1","2","locking_mode_UU_1","228","s0-n01","-","NVIDIA A100-SXM4-40GB","5.415725231170654","6.141446113586426","2.0398566722869873","1.5491070747375488","2.0398566722869873","1.5491070747375488","0.09000000357627869","0.05633333697915077","0.04733333736658096","0.6399999856948853","0.09000000357627869","0.959999978542328","0.4399999976158142","0.90353524684906","0.12999999523162842","0.0763888955116272","0.06167856603860855","0.6800000071525574","0.12999999523162842","0.9700000286102296","0.4699999988079071","0.9055556654930116","0.20000000298023224","0.12000000476837158","0.09750000387430192","0.8999999761581421","0.20000000298023224","0.75","0.8578948974609375","0.25","0.15000000596046448","0.10833333432674408","0.949999988079071","0.25","0.8500000238418579","0.8473685383796692","0.20643300498754755","0.4986586539307609","0.8636098487032826","0.659332316107176","0.13359150185399044","0.4548079916751615","0.8414179104477612","0.5006142853420279","0.5593497529625893","0.894226535211943","0.7532437375372033","0.14366564107373303","0.6044025919472734","0.9485","0.4324999749660492","0.35200047492980957","0.3878576159477234","0.99399995803833","0.4324999749660492","0.9089999198913574","0.937940776348114","0.44999998807907104","0.34761905670166016","0.31833332777023315","1","0.44999998807907104","0.949999988079071","0.949999988079071","0.11791044473648073","0.07606208324432373","0.1042504906654358","0.5653731226921082","0.11791044473648073","0.9524627327919006","0.3426119089126587","0.9149531722068788","0.1343283653259277","0.06871050596237183","0.053899358958005905","0.60447758436203","0.1343283653259277","0.9552238583564758","0.3507462739944458","0.9364829659461976","0.052579365670681","0.027214035391807556","0.02069195546209812","0.3898809552192688","0.052579365670681","0.8164682388305664","0.2380952388048172","0.9606229066848756","0.0555555559694767","0.02041606232523918","0.014606927521526814","0.3730158805847168","0.0555555559694767","0.7976190447807312","0.2251984179019928","0.9617164134979248",""
"locking_mode_LL_2","512","512","archs4_geo,cellxgene_census","geneformer","false","0.00004","1","0","true","4","0.00004","1","0","0.1","false","false","dot","true","4","LL","","","","","/msc/home/mschae83/cellwhisperer/results/models/ablations/locking_mode_LL/seed_2.ckpt","2","1","locking_mode_LL_2","4","locking_mode_LL_2","191","s0-n01","-","NVIDIA A100-SXM4-40GB","5.696369647979736","6.242558002471924","4.358721733093262","1.3992027044296265","4.358721733093262","1.3992027044296265","0.07999999821186066","0.04355555400252342","0.03291666880249977","0.4399999976158142","0.07999999821186066","0.8299999833106995","0.3199999928474426","0.8039394617080688","0.09000000357627869","0.0663333386182785","0.05833333358168602","0.47999998927116394","0.09000000357627869","0.8700000047683716","0.3199999928474426","0.8178787231445312","0.25","0.13944444060325625","0.11041667312383652","0.949999988079071","0.25","0.800000011920929","0.8447369337081909","0.30000001192092896","0.23333331942558289","0.20000000298023224","0.8999999761581421","0.30000001192092896","0.800000011920929","0.8631580471992493","0.2263058907654681","0.5063485912978649","0.8632594763573237","0.6922001869698982","0.12988751690108905","0.4749515563444104","0.8568656716417912","0.628826508686745","0.5652385130524635","0.8908136095134396","0.791257985244629","0.15277630422344482","0.6617743356612792","0.954","0.3910000026226044","0.3459407687187195","0.4137254655361175","0.9354999661445618","0.3910000026226044","0.778999924659729","0.884850800037384","0.44999998807907104","0.375","0.34166666865348816","1","0.44999998807907104","0.800000011920929","0.9184211492538452","0.0733582079410553","0.046346165239810944","0.06191715598106384","0.47805967926979065","0.0733582079410553","0.882388174533844","0.3002984821796417","0.8780515789985657","0.08208955079317093","0.03843657672405243","0.030749263241887093","0.5149253606796265","0.08208955079317093","0.9029850959777832","0.35820895433425903","0.9115139245986938","0.0517578125","0.025766894221305847","0.0205752607434988","0.3046875","0.0517578125","0.67578125","0.177734375","0.9361377954483032","0.0419921875","0.023287799209356308","0.01871221698820591","0.3046875","0.0419921875","0.67578125","0.1845703125","0.9389491081237792",""
"locking_mode_UU_2","16","16","archs4_geo,cellxgene_census","geneformer","false","0.000001","1","0","true","2","0.000001","1","0","0.1","false","false","dot","true","2","LU","2048","bert","geneformer","false","/msc/home/mschae83/cellwhisperer/results/models/ablations/locking_mode_UU/seed_2.ckpt","2","1","locking_mode_UU_2","2","locking_mode_UU_2","230","s0-n01","-","NVIDIA A100-SXM4-40GB","5.5304999351501465","6.558215618133545","2.0523505210876465","1.4700158834457395","2.0523505210876465","1.4700158834457395","0.15000000596046448","0.0985238179564476","0.08083333820104599","0.6600000262260437","0.15000000596046448","0.959999978542328","0.4099999964237213","0.9051515460014344","0.14000000059604645","0.0799126997590065","0.06184523925185203","0.6800000071525574","0.14000000059604645","0.9700000286102296","0.47999998927116394","0.9022221565246582","0.25","0.15333333611488342","0.1225000023841858","0.8999999761581421","0.25","0.800000011920929","0.8815790414810181","0.20000000298023224","0.14166668057441711","0.11666667461395264","0.949999988079071","0.20000000298023224","0.949999988079071","0.8736842274665833","0.21138833441758623","0.4966807966120541","0.8585224461891353","0.6662333700281137","0.1463676850369966","0.458100833685918","0.8455223880597016","0.5003893763422795","0.5585641451179981","0.8950457745632084","0.7543615315656143","0.15945339159362687","0.6044383510086306","0.9495","0.3950000405311585","0.31767743825912476","0.4459948539733886","0.9704999923706056","0.3950000405311585","0.8760000467300415","0.9290264844894408","0.4000000059604645","0.28928571939468384","0.2600000202655792","1","0.4000000059604645","0.8999999761581421","0.9447368383407592","0.11425372958183289","0.07559709250926971","0.08723758906126022","0.5617163777351379","0.11425372958183289","0.9402984380722046","0.34865671396255493","0.9100143313407898","0.1492537260055542","0.07844113558530807","0.060717951506376266","0.60447758436203","0.1492537260055542","0.9552238583564758","0.3805970251560211","0.9291325807571412","0.0515873022377491","0.027606135234236717","0.02128324657678604","0.3998015820980072","0.0515873022377491","0.824404776096344","0.2380952388048172","0.9606613516807556","0.0615079365670681","0.02455887384712696","0.018157297745347023","0.3730158805847168","0.0615079365670681","0.8144841194152832","0.227182537317276","0.9615065455436708",""
"low_batchsize_grad_accumulation_1","16","16","archs4_geo,cellxgene_census","geneformer","false","0.00004","1","0","true","4","0.00004","1","0","0.1","false","false","dot","true","4","LU","2048","bert","geneformer","false","/msc/home/mschae83/cellwhisperer/results/models/ablations/low_batchsize_grad_accumulation/seed_1.ckpt","1","32","low_batchsize_grad_accumulation_1","4","low_batchsize_grad_accumulation_1","227","s0-n01","-","NVIDIA A100-SXM4-40GB","7.298037052154541","7.772547245025635","1.7903409004211426","0.8230316638946533","1.7903409004211426","0.8230316638946533","0.1899999976158142","0.12133333086967468","0.10133333504199982","0.7900000214576721","0.1899999976158142","1","0.5600000023841858","0.9392929077148438","0.14000000059604645","0.07985714077949524","0.06316666305065155","0.8299999833106995","0.14000000059604645","0.9900000095367432","0.6499999761581421","0.9401010274887084","0.20000000298023224","0.130952388048172","0.10833332687616348","1","0.20000000298023224","0.8500000238418579","0.9263159036636353","0.30000001192092896","0.2033333331346512","0.16249999403953552","1","0.30000001192092896","0.949999988079071","0.9342106580734252","0.224676091867738","0.5051571689546108","0.8479923686843015","0.6947979232109797","0.12468893177218668","0.4748770613444428","0.8538059701492539","0.6200961871219448","0.5720745399594307","0.8774801356319658","0.790308531536624","0.14721082492747484","0.6608264195393332","0.9445","0.5015000104904175","0.4615634381771088","0.5231087803840637","0.9854999780654908","0.5015000104904175","0.9404999613761902","0.9527204632759094","0.6000000238418579","0.5066666603088379","0.4749999940395355","1","0.6000000238418579","1","0.986842155456543","0.1332089751958847","0.08558467775583267","0.109613336622715","0.6188059449195862","0.1332089751958847","0.9663432240486144","0.4184328317642212","0.9330377578735352","0.14179104566574097","0.07266099005937576","0.05653383955359459","0.6567164063453674","0.14179104566574097","1","0.4552238881587982","0.9617888331413268","0.1259920597076416","0.08571580797433853","0.07342316955327988","0.6190476417541504","0.1259920597076416","0.9573412537574768","0.4285714328289032","0.9863081574440002","0.1180555522441864","0.06255707144737244","0.0495515838265419","0.6150793433189392","0.1180555522441864","0.942460298538208","0.4097222089767456","0.987177073955536",""
"clip_mixed_2","512","512","archs4_geo,cellxgene_census","geneformer","false","0.00004","0.5","0.5","true","4","0.00004","0.5","0.5","","","","","","4","LU","2048","bert","geneformer","false","/msc/home/mschae83/cellwhisperer/results/models/ablations/clip_mixed/seed_2.ckpt","2","1","clip_mixed_2","4","clip_mixed_2","203","s0-n00","-","NVIDIA A100-SXM4-40GB","3.346621513366699","2.7188470363616943","3.0655016899108887","0.6796167492866516","3.206061363220215","1.6992318630218506","0.15000000596046448","0.1115238070487976","0.0994444489479065","0.7699999809265137","0.15000000596046448","0.9900000095367432","0.550000011920929","0.937171757221222","0.23999999463558197","0.1701904684305191","0.14250001311302185","0.8199999928474426","0.23999999463558197","0.9900000095367432","0.5899999737739563","0.9345454573631288","0.30000001192092896","0.22833335399627688","0.20416668057441711","1","0.30000001192092896","0.8999999761581421","0.9263159036636353","0.30000001192092896","0.18666668236255649","0.1458333432674408","1","0.30000001192092896","0.949999988079071","0.9394738078117372","0.24244609576455411","0.5102876108139753","0.846991808170006","0.7037189480890652","0.11906995561730783","0.4854842182225316","0.8550746268656717","0.6346109831637241","0.5742946937680244","0.8773222488228493","0.7945881936199061","0.14992274543575063","0.6678312901838849","0.9479999999999998","0.5454999804496765","0.4958491921424866","0.6023877859115601","0.953499972820282","0.5454999804496765","0.8895000219345093","0.9502739906311036","0.699999988079071","0.6333333253860474","0.6000000238418579","1","0.699999988079071","0.949999988079071","0.9894737005233764","0.1714925318956375","0.12234298884868622","0.17104990780353546","0.6667910218238831","0.1714925318956375","0.9266418218612672","0.4904477596282959","0.9153557419776917","0.1940298527479172","0.11311225593090056","0.09379886090755464","0.7388059496879578","0.1940298527479172","0.9701492786407472","0.5447761416435242","0.9563460946083068","0.2080078125","0.1511806845664978","0.13219982385635376","0.7353515625","0.2080078125","0.9736328125","0.5634765625","0.9902581572532654","0.1953125","0.12463361024856567","0.10648630559444427","0.7060546875","0.1953125","0.970703125","0.5439453125","0.990603804588318",""
"no_archs4_data_0","512","512","cellxgene_census","geneformer","false","0.00004","1","0","true","4","0.00004","1","0","0.1","false","false","dot","true","4","LU","2048","bert","geneformer","false","/msc/home/mschae83/cellwhisperer/results/models/ablations/no_archs4_data/seed_0.ckpt","0","1","no_archs4_data_0","4","no_archs4_data_0","166","s0-n00","-","NVIDIA A100-SXM4-40GB","5.990732669830322","5.73325252532959","3.1784911155700684","1.9676744937896729","3.1784911155700684","1.9676744937896729","0.029999999329447743","0.0024721294175833464","0.0012893280945718288","0.18000000715255737","0.029999999329447743","0.6600000262260437","0.10999999940395357","0.713939368724823","0.05999999865889549","0.036222223192453384","0.030416667461395264","0.4000000059604645","0.05999999865889549","0.7900000214576721","0.25","0.7098990082740784","0.30000001192092896","0.19166667759418488","0.15000000596046448","0.8999999761581421","0.30000001192092896","0.800000011920929","0.9105264544487","0.44999998807907104","0.32499998807907104","0.2750000059604645","0.949999988079071","0.44999998807907104","0.949999988079071","0.9026316404342652","0.24402796739196747","0.5111830746755004","0.8594976767662246","0.6987891973853239","0.1352952439533737","0.48466674648426394","0.8555970149253732","0.5989586974496266","0.5642588064074516","0.8885013839533749","0.765048031099404","0.15269162971073896","0.6427551783188274","0.9305","0.5449999570846558","0.4845647811889648","0.5726376175880432","0.9649999737739564","0.5449999570846558","0.8845000267028809","0.9494620561599731","0.550000011920929","0.44166669249534607","0.3916666507720947","1","0.550000011920929","1","0.9894737005233764","0.2066417932510376","0.16373759508132937","0.1988682746887207","0.7000746726989746","0.2066417932510376","0.943059742450714","0.5305224061012268","0.9334728717803956","0.24626865983009336","0.16510900855064392","0.13694918155670166","0.7910447716712952","0.24626865983009336","0.9850746393203736","0.5970149040222168","0.9636964797973632","0.2470703125","0.18068109452724457","0.1559186726808548","0.80078125","0.2470703125","0.9775390625","0.623046875","0.992027997970581","0.1923828125","0.11180727928876875","0.09053653478622437","0.7333984375","0.1923828125","0.974609375","0.5478515625","0.9932576417922974",""
"locking_mode_UL_0","16","16","archs4_geo,cellxgene_census","geneformer","false","0.000001","1","0","true","2","0.000001","1","0","0.1","false","false","dot","true","2","LU","2048","bert","geneformer","false","/msc/home/mschae83/cellwhisperer/results/models/ablations/locking_mode_UL/seed_0.ckpt","0","1","locking_mode_UL_0","2","locking_mode_UL_0","215","s0-n11","-","NVIDIA A100-PCIE-40GB","5.444990634918213","6.265841960906982","2.0407421588897705","1.4734467267990112","2.0407421588897705","1.4734467267990112","0.15000000596046448","0.0868571475148201","0.06683333218097687","0.6600000262260437","0.15000000596046448","0.959999978542328","0.4900000095367432","0.900808036327362","0.14000000059604645","0.08233333379030228","0.0660238042473793","0.6899999976158142","0.14000000059604645","0.959999978542328","0.5","0.9017170667648317","0.25","0.15416666865348816","0.12380951642990112","0.8999999761581421","0.25","0.800000011920929","0.8947368860244751","0.25","0.148333340883255","0.11666667461395264","0.949999988079071","0.25","0.949999988079071","0.8815790414810181","0.20429956727411452","0.4987407479202375","0.8634285018653267","0.6606927830203869","0.1395275050395383","0.45457769940491294","0.8367910447761194","0.5298910327027208","0.5601219423115253","0.8951198280995305","0.7582816999024768","0.1492689820498504","0.616098224972241","0.9495","0.42600002884864807","0.34754520654678345","0.4187474250793457","0.9915000796318054","0.42600002884864807","0.92849999666214","0.9387267827987672","0.44999998807907104","0.34761905670166016","0.31833332777023315","1","0.44999998807907104","0.949999988079071","0.9552632570266724","0.1217910423874855","0.08113829791545868","0.100262813270092","0.5790297985076904","0.1217910423874855","0.9530596733093262","0.368656724691391","0.917410373687744","0.1492537260055542","0.07986537367105484","0.06368159502744675","0.6268656849861145","0.1492537260055542","0.9626865386962892","0.4253731369972229","0.9400179982185364","0.0466269850730896","0.024852123111486435","0.01890583522617817","0.3908730149269104","0.0466269850730896","0.8224206566810608","0.2162698358297348","0.961877942085266","0.0555555559694767","0.02009137161076069","0.01459046546369791","0.3621031641960144","0.0555555559694767","0.7976190447807312","0.22420634329319","0.9628729820251464",""
"clip_lite_1","512","512","archs4_geo,cellxgene_census","geneformer","false","0.00004","0","1","true","4","0.00004","0","1","","","","","","4","LU","2048","bert","geneformer","false","/msc/home/mschae83/cellwhisperer/results/models/ablations/clip_lite/seed_1.ckpt","1","1","clip_lite_1","4","clip_lite_1","210","s0-n00","-","NVIDIA A100-SXM4-40GB","2.3058385848999023","2.189664602279663","3.683030605316162","1.1048967838287354","2.3058385848999023","2.189664602279663","0.12999999523162842","0.0923333391547203","0.07950000464916229","0.7200000286102295","0.12999999523162842","1","0.4900000095367432","0.9350504875183104","0.119999997317791","0.0657142847776413","0.05033333599567413","0.7799999713897705","0.119999997317791","0.9900000095367432","0.5400000214576721","0.9365655779838562","0.20000000298023224","0.1016666665673256","0.07222222536802292","1","0.20000000298023224","0.949999988079071","0.9263159036636353","0.3499999940395355","0.23666667938232425","0.19583332538604736","1","0.3499999940395355","0.949999988079071","0.9184211492538452","0.22401269591329373","0.5005537967081182","0.8439733047911054","0.6891628091570225","0.1290816135675274","0.4712431005928115","0.8538805970149254","0.6066841155475114","0.5710842087864876","0.8787905616723238","0.7861764116852517","0.1404280195754668","0.6546482453397502","0.9469999999999998","0.4805000424385071","0.4099325239658356","0.5381065607070923","0.9820000529289246","0.4805000424385071","0.9379999041557312","0.9500457644462584","0.550000011920929","0.43666666746139526","0.3958333432674408","1","0.550000011920929","1","0.986842155456543","0.123731330037117","0.08415734022855759","0.1263454556465149","0.6261941194534302","0.123731330037117","0.9642536640167236","0.4050000011920929","0.9232534170150756","0.1268656700849533","0.0751076266169548","0.06514104455709457","0.6865671873092651","0.1268656700849533","0.9850746393203736","0.447761207818985","0.9500616788864136","0.0830078125","0.051465485244989395","0.042879074811935425","0.548828125","0.0830078125","0.94921875","0.3544921875","0.9826222658157348","0.08984375","0.04372380301356315","0.034925855696201324","0.50390625","0.08984375","0.9091796875","0.31640625","0.9841869473457336",""
"grad_accumulation_1","512","512","archs4_geo,cellxgene_census","geneformer","false","0.0001","1","0","true","4","0.0001","1","0","0.1","false","false","dot","true","4","LU","2048","bert","geneformer","false","/msc/home/mschae83/cellwhisperer/results/models/ablations/grad_accumulation/seed_1.ckpt","1","16","grad_accumulation_1","4","grad_accumulation_1","200","s0-n01","-","NVIDIA A100-SXM4-40GB","6.673081874847412","6.530900001525879","3.3014731407165527","0.7638744711875916","3.3014731407165527","0.7638744711875916","0.1599999964237213","0.11611110717058182","0.10449999570846558","0.7900000214576721","0.1599999964237213","0.9700000286102296","0.6100000143051147","0.9345454573631288","0.20999999344348907","0.13166667520999908","0.10616666823625565","0.8199999928474426","0.20999999344348907","1","0.5799999833106995","0.9354545474052428","0.25","0.125","0.08500000834465027","0.949999988079071","0.25","0.800000011920929","0.8894737362861633","0.30000001192092896","0.195000022649765","0.15416666865348816","0.949999988079071","0.30000001192092896","0.8999999761581421","0.9078947901725768","0.2298117658193209","0.5077831349335611","0.8476144111778297","0.6931168705641648","0.12459098235534716","0.4769039237723489","0.860820895522388","0.6275623064588791","0.5752910152077675","0.8786737468727461","0.7919691020425033","0.14969560205279897","0.66494080790305","0.9329999999999998","0.5960000157356262","0.5465093851089478","0.5658848881721497","0.9805000424385072","0.5960000157356262","0.9369999766349792","0.9546144604682922","0.6499999761581421","0.5666667222976685","0.5333333611488342","1","0.6499999761581421","1","0.986842155456543","0.1792537271976471","0.1291286200284958","0.1645001322031021","0.6864178776741028","0.1792537271976471","0.952089548110962","0.4801492393016815","0.9294383525848388","0.23880596458911896","0.15814988315105438","0.13923536241054535","0.7611940503120422","0.23880596458911896","0.9776119589805604","0.5447761416435242","0.9577488899230956","0.1376953125","0.09450981765985488","0.08047271519899368","0.6708984375","0.1376953125","0.95703125","0.4970703125","0.9849257469177246","0.1484375","0.08372035622596741","0.06909575313329697","0.625","0.1484375","0.9453125","0.455078125","0.9858155250549316",""
"full_model_0","512","512","archs4_geo,cellxgene_census","geneformer","false","0.00004","1","0","true","4","0.00004","1","0","0.1","false","false","dot","true","4","LU","2048","bert","geneformer","false","/msc/home/mschae83/cellwhisperer/results/models/ablations/full_model/seed_0.ckpt","0","1","full_model_0","4","full_model_0","198","s0-n00","-","NVIDIA A100-SXM4-40GB","7.393744945526123","6.91352653503418","2.985905170440674","0.6492776274681091","2.985905170440674","0.6492776274681091","0.15000000596046448","0.10688889771699904","0.09291666746139526","0.800000011920929","0.15000000596046448","0.9700000286102296","0.5600000023841858","0.9296968579292296","0.20000000298023224","0.14133332669734955","0.12200000882148744","0.800000011920929","0.20000000298023224","0.9700000286102296","0.6399999856948853","0.9297980666160583","0.30000001192092896","0.23333334922790527","0.20999999344348907","0.949999988079071","0.30000001192092896","0.949999988079071","0.8973686099052429","0.44999998807907104","0.3583333492279053","0.3166666626930237","0.949999988079071","0.44999998807907104","0.8999999761581421","0.9052632451057434","0.24831788334503044","0.5117900632321835","0.8505059429899814","0.706709357225018","0.12582457863558358","0.4889391012674107","0.8631343283582089","0.62033607598696","0.5728296488523483","0.8782078406301153","0.7875261654618888","0.15155906406869885","0.660230630100399","0.9525","0.5444999933242798","0.4997311234474182","0.5336116552352905","0.974000096321106","0.5444999933242798","0.9210000038146972","0.9467079043388368","0.6000000238418579","0.491666704416275","0.44166669249534607","1","0.6000000238418579","1","0.986842155456543","0.17208954691886902","0.1289239227771759","0.1796749383211136","0.676044762134552","0.17208954691886902","0.9554477334022522","0.4843282997608185","0.929780662059784","0.2238806039094925","0.1455170065164566","0.12739260494709015","0.7761194109916687","0.2238806039094925","1","0.5522388219833374","0.9644820094108582","0.2119140625","0.15411938726902008","0.13417468965053558","0.7607421875","0.2119140625","0.9765625","0.578125","0.9909655451774596","0.2109375","0.1344113647937775","0.11276310682296752","0.71875","0.2109375","0.96875","0.5546875","0.9915890693664552",""
"no_sample_weights_1","512","512","archs4_geo,cellxgene_census","geneformer","false","0.00004","1","0","false","4","0.00004","","","","","","","false","4","LU","2048","bert","geneformer","false","/msc/home/mschae83/cellwhisperer/results/models/ablations/no_sample_weights/seed_1.ckpt","1","1","no_sample_weights_1","4","no_sample_weights_1","197","s0-n01","-","NVIDIA A100-SXM4-40GB","7.336807250976563","6.980206489562988","3.0343925952911377","0.5860767364501953","3.0343925952911377","0.5860767364501953","0.1899999976158142","0.1340000033378601","0.11483333259820938","0.7900000214576721","0.1899999976158142","0.9900000095367432","0.5799999833106995","0.9425252676010132","0.2199999988079071","0.15519048273563385","0.13083332777023315","0.8100000023841858","0.2199999988079071","1","0.6399999856948853","0.9405050873756408","0.20000000298023224","0.11428570747375488","0.09166666865348816","0.949999988079071","0.20000000298023224","0.949999988079071","0.9184211492538452","0.44999998807907104","0.375","0.34166666865348816","0.949999988079071","0.44999998807907104","0.949999988079071","0.9315789937973022","0.24628038425104623","0.5116651616990566","0.8513799645686635","0.7077407457985924","0.12212204381813502","0.48856209724956506","0.8632835820895522","0.632615751132491","0.5710247680544853","0.8797666858381563","0.7906519365774385","0.1520620382176353","0.6647641519214716","0.951","0.5214999914169312","0.4668465256690979","0.5195758938789368","0.962499976158142","0.5214999914169312","0.8850000500679016","0.9407628774642944","0.6499999761581421","0.5583333969116211","0.5166666507720947","1","0.6499999761581421","1","0.9815790057182312","0.17395523190498352","0.12869353592395782","0.1702500730752945","0.6412686705589294","0.17395523190498352","0.940746247768402","0.4732089340686798","0.9233629703521729","0.2238806039094925","0.1284484565258026","0.1038542538881302","0.7089552283287048","0.2238806039094925","0.9701492786407472","0.5373134613037109","0.960049331188202","0.2373046875","0.18327830731868744","0.16333124041557312","0.775390625","0.2373046875","0.974609375","0.6201171875","0.9917216300964355","0.2109375","0.13763803243637085","0.11678650230169296","0.7333984375","0.2109375","0.9736328125","0.5732421875","0.9924079775810242",""
"no_sample_weights_2","512","512","archs4_geo,cellxgene_census","geneformer","false","0.00004","1","0","false","4","0.00004","","","","","","","false","4","LU","2048","bert","geneformer","false","/msc/home/mschae83/cellwhisperer/results/models/ablations/no_sample_weights/seed_2.ckpt","2","1","no_sample_weights_2","4","no_sample_weights_2","186","s0-n11","-","NVIDIA A100-PCIE-40GB","7.346831798553467","6.959599018096924","3.0362396240234375","0.6330699920654297","3.0362396240234375","0.6330699920654297","0.1599999964237213","0.10285714268684389","0.08690909296274185","0.7699999809265137","0.1599999964237213","0.9800000190734864","0.550000011920929","0.9373736381530762","0.25","0.17499999701976776","0.14533333480358124","0.7900000214576721","0.25","0.9900000095367432","0.6600000262260437","0.93515145778656","0.25","0.16166667640209198","0.12916667759418488","1","0.25","0.800000011920929","0.923684298992157","0.3499999940395355","0.23666667938232425","0.19583334028720856","1","0.3499999940395355","0.8999999761581421","0.9289474487304688","0.24128701279814135","0.5114349899813533","0.8508592454626613","0.7040602436295209","0.1228615321933582","0.4855940821363385","0.8614179104477613","0.6410153244727358","0.5721364766359329","0.8780242917875312","0.7964151058343166","0.15649252921346282","0.6698556356476617","0.947","0.5435000061988831","0.4950474202632904","0.5401421785354614","0.9704999923706056","0.5435000061988831","0.8999999761581421","0.9496361017227172","0.6000000238418579","0.528333306312561","0.5041666626930237","1","0.6000000238418579","1","0.9842106103897096","0.1658208966255188","0.11713938415050508","0.1527017056941986","0.6409702301025391","0.1658208966255188","0.9395522475242616","0.4673880934715271","0.9200673699378968","0.17910447716712952","0.10676252096891405","0.08929164707660675","0.6791045069694519","0.17910447716712952","0.9850746393203736","0.5522388219833374","0.9584221839904784","0.23828125","0.17792658507823944","0.1552482843399048","0.78125","0.23828125","0.978515625","0.6103515625","0.9911116361618042","0.2099609375","0.13780170679092407","0.11769096553325652","0.734375","0.2099609375","0.966796875","0.556640625","0.9919602870941162",""
"locking_mode_UU_0","16","16","archs4_geo,cellxgene_census","geneformer","false","0.000001","1","0","true","2","0.000001","1","0","0.1","false","false","dot","true","2","LU","2048","bert","geneformer","false","/msc/home/mschae83/cellwhisperer/results/models/ablations/locking_mode_UU/seed_0.ckpt","0","1","locking_mode_UU_0","2","locking_mode_UU_0","229","s0-n00","-","NVIDIA A100-SXM4-40GB","5.444990634918213","6.265841960906982","2.0407421588897705","1.4734467267990112","2.0407421588897705","1.4734467267990112","0.15000000596046448","0.0868571475148201","0.06683333218097687","0.6600000262260437","0.15000000596046448","0.959999978542328","0.4900000095367432","0.900808036327362","0.14000000059604645","0.08233333379030228","0.0660238042473793","0.6899999976158142","0.14000000059604645","0.959999978542328","0.5","0.9017170667648317","0.25","0.15416666865348816","0.12380951642990112","0.8999999761581421","0.25","0.800000011920929","0.8947368860244751","0.25","0.148333340883255","0.11666667461395264","0.949999988079071","0.25","0.949999988079071","0.8815790414810181","0.20429956727411452","0.4987407479202375","0.8634285018653267","0.6606927830203869","0.1395275050395383","0.45457769940491294","0.8367910447761194","0.5298910327027208","0.5601219423115253","0.8951198280995305","0.7582816999024768","0.1492689820498504","0.616098224972241","0.9495","0.42600002884864807","0.34754520654678345","0.4187474250793457","0.9915000796318054","0.42600002884864807","0.92849999666214","0.9387267827987672","0.44999998807907104","0.34761905670166016","0.31833332777023315","1","0.44999998807907104","0.949999988079071","0.9552632570266724","0.1217910423874855","0.08113829791545868","0.100262813270092","0.5790297985076904","0.1217910423874855","0.9530596733093262","0.368656724691391","0.917410373687744","0.1492537260055542","0.07986537367105484","0.06368159502744675","0.6268656849861145","0.1492537260055542","0.9626865386962892","0.4253731369972229","0.9400179982185364","0.0466269850730896","0.024852123111486435","0.01890583522617817","0.3908730149269104","0.0466269850730896","0.8224206566810608","0.2162698358297348","0.961877942085266","0.0555555559694767","0.02009137161076069","0.01459046546369791","0.3621031641960144","0.0555555559694767","0.7976190447807312","0.22420634329319","0.9628729820251464",""
"no_archs4_data_2","512","512","cellxgene_census","geneformer","false","0.00004","1","0","true","4","0.00004","1","0","0.1","false","false","dot","true","4","LU","2048","bert","geneformer","false","/msc/home/mschae83/cellwhisperer/results/models/ablations/no_archs4_data/seed_2.ckpt","2","1","no_archs4_data_2","4","no_archs4_data_2","167","s0-n00","-","NVIDIA A100-SXM4-40GB","5.968377113342285","5.7627692222595215","3.174760580062866","1.9888280630111697","3.174760580062866","1.9888280630111697","0.029999999329447743","0.012262626551091673","0.01122727245092392","0.20999999344348907","0.029999999329447743","0.6399999856948853","0.10000000149011612","0.7304040789604187","0.05999999865889549","0.03633333370089531","0.03033333271741867","0.3499999940395355","0.05999999865889549","0.800000011920929","0.25999999046325684","0.7388888597488403","0.4000000059604645","0.30000001192092896","0.25833335518836975","0.949999988079071","0.4000000059604645","0.75","0.8789474368095398","0.30000001192092896","0.2083333432674408","0.17499999701976776","0.949999988079071","0.30000001192092896","0.8999999761581421","0.8921052813529968","0.23910021033977857","0.5114676896482706","0.8594886615895521","0.6955342516577304","0.1358776118328434","0.4820340505485932","0.8602985074626865","0.6011905216156421","0.5659827142953873","0.8878336684600272","0.7724463645013899","0.15706927020260977","0.6465398668041398","0.9499999999999998","0.5489999651908875","0.4789963662624359","0.5398371815681458","0.9735000729560852","0.5489999651908875","0.8964999914169312","0.9534562230110168","0.550000011920929","0.44166669249534607","0.3916666805744171","1","0.550000011920929","0.949999988079071","0.9842106103897096","0.21776118874549863","0.17114247381687164","0.20152589678764343","0.6812686920166016","0.21776118874549863","0.949402928352356","0.5264179110527039","0.9334186911582948","0.28358209133148193","0.19853705167770383","0.17266006767749786","0.7686567306518555","0.28358209133148193","0.9850746393203736","0.5895522236824036","0.9655481576919556","0.2431640625","0.1784978061914444","0.15462587773799896","0.7998046875","0.2431640625","0.9814453125","0.6396484375","0.9920538067817688","0.19140625","0.1133669912815094","0.09273554384708405","0.740234375","0.19140625","0.970703125","0.5400390625","0.9934839010238647",""
"clip_mixed_1","512","512","archs4_geo,cellxgene_census","geneformer","false","0.00004","0.5","0.5","true","4","0.00004","0.5","0.5","","","","","","4","LU","2048","bert","geneformer","false","/msc/home/mschae83/cellwhisperer/results/models/ablations/clip_mixed/seed_1.ckpt","1","1","clip_mixed_1","4","clip_mixed_1","182","s0-n11","-","NVIDIA A100-PCIE-40GB","3.29477596282959","2.612349033355713","3.0693001747131348","0.684044361114502","3.1820383071899414","1.6481966972351074","0.1599999964237213","0.1173333376646042","0.10116666555404664","0.800000011920929","0.1599999964237213","0.9800000190734864","0.5899999737739563","0.9386869072914124","0.25999999046325684","0.19050000607967377","0.1664285659790039","0.8100000023841858","0.25999999046325684","0.9900000095367432","0.6899999976158142","0.9375757575035096","0.20000000298023224","0.13928571343421936","0.1250000149011612","1","0.20000000298023224","0.949999988079071","0.9447368383407592","0.3499999940395355","0.2200000286102295","0.17083331942558289","1","0.3499999940395355","1","0.9447368383407592","0.24405998524491723","0.5105692688375711","0.8478348646086156","0.7049527336968091","0.11851149796832232","0.48652732925976583","0.8625373134328357","0.6386999982542918","0.5733153223991394","0.8803588659642282","0.7921917871007667","0.14301253371579245","0.6680690359180659","0.9395","0.4735000729560852","0.407341867685318","0.5344621539115906","0.9345000386238098","0.4735000729560852","0.8225000500679016","0.9354095458984376","0.550000011920929","0.44999998807907104","0.4099999964237213","1","0.550000011920929","0.8999999761581421","0.986842155456543","0.16940298676490784","0.1176043152809143","0.1608993262052536","0.6327611804008484","0.16940298676490784","0.9277611970901488","0.4623880684375763","0.9196901321411132","0.21641790866851807","0.12503553926944733","0.10351866483688354","0.7014925479888916","0.21641790866851807","0.9776119589805604","0.5149253606796265","0.9630793333053588","0.1943359375","0.1384931653738022","0.12003795802593233","0.724609375","0.1943359375","0.9716796875","0.564453125","0.9906295537948608","0.1796875","0.11290819942951202","0.09540710598230362","0.701171875","0.1796875","0.970703125","0.537109375","0.9911106824874878",""
"no_census_data_0","512","512","archs4_geo","geneformer","false","0.00004","1","0","true","4","0.00004","1","0","0.1","false","false","dot","true","4","LU","2048","bert","geneformer","false","/msc/home/mschae83/cellwhisperer/results/models/ablations/no_census_data/seed_0.ckpt","0","1","no_census_data_0","4","no_census_data_0","158","s0-n01","-","NVIDIA A100-SXM4-40GB","6.914485931396484","6.622345447540283","2.8108139038085938","2.362788200378418","2.8108139038085938","2.362788200378418","0.10999999940395357","0.06966666877269745","0.05785714089870453","0.7900000214576721","0.10999999940395357","0.9700000286102296","0.5699999928474426","0.9328281879425048","0.18000000715255737","0.12200000137090684","0.10316666960716248","0.8299999833106995","0.18000000715255737","0.9900000095367432","0.6000000238418579","0.9305049777030944","0.30000001192092896","0.2142857313156128","0.18333333730697632","0.949999988079071","0.30000001192092896","0.8999999761581421","0.9394738078117372","0.3499999940395355","0.25833332538604736","0.21666665375232697","1","0.3499999940395355","0.949999988079071","0.923684298992157","0.21914323990540463","0.5051055178046227","0.8522936880155603","0.6950937708378292","0.1287665160653294","0.4731141761826188","0.8629850746268656","0.5816543825217994","0.5760732889175415","0.8801202299113212","0.7927998645583105","0.14375088854731724","0.6501758453325505","0.963","0.5070000290870667","0.4376155734062195","0.4472898542881012","0.9594999551773072","0.5070000290870667","0.8934999704360962","0.9362838864326476","0.5","0.4000000059604645","0.3583333492279053","0.949999988079071","0.5","0.949999988079071","0.973684310913086","0.13679106533527374","0.09970021992921828","0.11637840420007706","0.5675373077392578","0.13679106533527374","0.9362686276435852","0.39194032549858093","0.908259093761444","0.17164179682731628","0.1085871085524559","0.09029650688171388","0.5895522236824036","0.17164179682731628","0.9701492786407472","0.44029849767684937","0.9378858208656312","0.2080078125","0.1566622108221054","0.13843005895614624","0.7470703125","0.2080078125","0.974609375","0.56640625","0.990442395210266","0.201171875","0.12957507371902466","0.10939987748861311","0.7265625","0.201171875","0.9677734375","0.55078125","0.9908826351165771",""
"clip_lite_0","512","512","archs4_geo,cellxgene_census","geneformer","false","0.00004","0","1","true","4","0.00004","0","1","","","","","","4","LU","2048","bert","geneformer","false","/msc/home/mschae83/cellwhisperer/results/models/ablations/clip_lite/seed_0.ckpt","0","1","clip_lite_0","4","clip_lite_0","193","s0-n01","-","NVIDIA A100-SXM4-40GB","2.4164438247680664","2.1322431564331055","3.680239200592041","1.1106898784637451","2.4164438247680664","2.1322431564331055","0.20999999344348907","0.15935714542865753","0.14426189661026","0.7699999809265137","0.20999999344348907","0.9800000190734864","0.4900000095367432","0.928181767463684","0.12999999523162842","0.08071428537368774","0.06533333659172058","0.7699999809265137","0.12999999523162842","0.9900000095367432","0.5400000214576721","0.9321210980415344","0.25","0.16111113131046295","0.13124999403953552","1","0.25","0.8999999761581421","0.9263159036636353","0.30000001192092896","0.22499999403953552","0.19166666269302368","1","0.30000001192092896","0.8999999761581421","0.9210527539253236","0.235341882963372","0.5002108793123625","0.8435766266707088","0.6958237104143353","0.13350922786110947","0.47712549089669","0.8500000000000001","0.6134330608719634","0.5717172399163246","0.8784917429817579","0.7850741782679687","0.1432068978042476","0.6567414930187522","0.9435","0.5324999690055847","0.4992823004722595","0.5747100114822388","0.9845000505447388","0.5324999690055847","0.9550000429153442","0.9511289596557616","0.6499999761581421","0.5666667222976685","0.5349999666213989","1","0.6499999761581421","1","0.9815790057182312","0.1268656700849533","0.08221389353275299","0.10537773370742798","0.6428357362747192","0.1268656700849533","0.9629850387573242","0.4108954966068268","0.9228859543800354","0.14179104566574097","0.08299169689416885","0.07138073444366455","0.6791045069694519","0.14179104566574097","0.9850746393203736","0.43283581733703613","0.9477611184120178","0.0888671875","0.04968733713030815","0.03925706818699837","0.5537109375","0.0888671875","0.939453125","0.357421875","0.982113480567932","0.1005859375","0.047929633408784866","0.03781064599752426","0.4951171875","0.1005859375","0.9091796875","0.3310546875","0.9837889075279236",""
"scgpt_2","512","512","archs4_geo,cellxgene_census","scgpt","false","0.00004","1","0","true","4","0.00004","1","0","0.1","false","false","dot","true","4","","","","scgpt","","/msc/home/mschae83/cellwhisperer/results/models/ablations/scgpt/seed_2.ckpt","2","1","scgpt_2","4","scgpt_2","888","s0-n01","-","NVIDIA A100-SXM4-40GB","7.370459079742432","6.6118035316467285","3.387778043746948","1.555988311767578","3.387778043746948","1.555988311767578","0.09000000357627869","0.06666667014360428","0.05666666850447655","0.4900000095367432","0.09000000357627869","0.8600000143051147","0.27000001072883606","0.8201009631156921","0.09000000357627869","0.06119047477841377","0.05166666954755783","0.5400000214576721","0.09000000357627869","0.8500000238418579","0.3700000047683716","0.8237373232841492","0.10000000149011612","0.03928571194410324","0.02500000037252903","0.8999999761581421","0.10000000149011612","0.6000000238418579","0.8342105746269226","0.10000000149011612","0.05000000074505806","0.03333333507180214","0.949999988079071","0.10000000149011612","0.75","0.8368421792984009","0.3262353488545709","0.5332100875675678","0.8185086205075429","0.7429690968405677","0.134396451585591","0.5341381777542354","0.8759701492537313","0.6094118758011242","0.586084358394146","0.8506282235501785","0.7960999538580847","0.1466461045753394","0.663865396017785","0.9624999999999998","0.5434999465942383","0.4761094152927398","0.51152503490448","0.9760000109672546","0.5434999465942383","0.9359999895095824","0.9462976455688475","0.6000000238418579","0.5083333253860474","0.46666669845581055","1","0.6000000238418579","1","0.9789474606513976","0.2060447782278061","0.14448943734169006","0.1779145896434784","0.6844776272773743","0.2060447782278061","0.932835817337036","0.5102985501289368","0.9296613931655884","0.24626865983009336","0.1595919281244278","0.13593962788581848","0.7686567306518555","0.24626865983009336","0.9552238583564758","0.5746268630027771","0.9617888331413268","0.1103515625","0.07665666937828064","0.065336674451828","0.5263671875","0.1103515625","0.8564453125","0.392578125","0.9719793796539308","0.1025390625","0.05072671175003052","0.039364106953144073","0.47265625","0.1025390625","0.8369140625","0.3349609375","0.973796010017395",""
"no_sample_weights_0","512","512","archs4_geo,cellxgene_census","geneformer","false","0.00004","1","0","false","4","0.00004","","","","","","","false","4","LU","2048","bert","geneformer","false","/msc/home/mschae83/cellwhisperer/results/models/ablations/no_sample_weights/seed_0.ckpt","0","1","no_sample_weights_0","4","no_sample_weights_0","198","s0-n01","-","NVIDIA A100-SXM4-40GB","7.3630828857421875","6.9505133628845215","3.0354270935058594","0.6532707214355469","3.0354270935058594","0.6532707214355469","0.17000000178813934","0.11874603480100632","0.10374999791383745","0.7699999809265137","0.17000000178813934","0.9700000286102296","0.6100000143051147","0.928181767463684","0.20000000298023224","0.14133334159851074","0.12166666984558104","0.7900000214576721","0.20000000298023224","0.9800000190734864","0.6299999952316284","0.927878737449646","0.25","0.19166667759418488","0.1666666716337204","0.949999988079071","0.25","0.800000011920929","0.8947369456291199","0.3499999940395355","0.2916666865348816","0.2666666805744171","0.949999988079071","0.3499999940395355","0.949999988079071","0.9000000953674316","0.24416706733949625","0.5113524487242103","0.849969579247551","0.7032546913927374","0.12975867937779892","0.486258069152148","0.8634328358208955","0.6208006782991646","0.5710160508751869","0.877564989287557","0.7874823704952087","0.15529329478803836","0.6597663665565201","0.947","0.546000063419342","0.498434454202652","0.5366966128349304","0.968500018119812","0.546000063419342","0.8930000066757202","0.942206084728241","0.699999988079071","0.60833340883255","0.5666666626930237","1","0.699999988079071","1","0.9763158559799194","0.17649254202842712","0.13298940658569336","0.17915812134742737","0.6623134613037109","0.17649254202842712","0.9508209824562072","0.46656712889671326","0.9254075288772584","0.2537313401699066","0.17278990149497986","0.14978408813476562","0.746268630027771","0.2537313401699066","0.9925373196601868","0.5447761416435242","0.9607788920402528","0.2373046875","0.18277131021022797","0.1637808084487915","0.783203125","0.2373046875","0.9775390625","0.6103515625","0.9917930960655212","0.220703125","0.14581431448459625","0.12455938756465912","0.740234375","0.220703125","0.97265625","0.576171875","0.9925864934921264",""
"low_batchsize_grad_accumulation_2","16","16","archs4_geo,cellxgene_census","geneformer","false","0.00004","1","0","true","4","0.00004","1","0","0.1","false","false","dot","true","4","LU","2048","bert","geneformer","false","/msc/home/mschae83/cellwhisperer/results/models/ablations/low_batchsize_grad_accumulation/seed_2.ckpt","2","32","low_batchsize_grad_accumulation_2","4","low_batchsize_grad_accumulation_2","228","s0-n01","-","NVIDIA A100-SXM4-40GB","7.192461013793945","7.196013450622559","1.796499252319336","0.8826160430908203","1.796499252319336","0.8826160430908203","0.14000000059604645","0.0980086624622345","0.0860000029206276","0.800000011920929","0.14000000059604645","1","0.5","0.9409090280532836","0.17000000178813934","0.10450001060962676","0.08226190507411957","0.800000011920929","0.17000000178813934","0.9900000095367432","0.6100000143051147","0.9450504779815674","0.10000000149011612","0.03611110895872116","0.02291666716337204","1","0.10000000149011612","0.8999999761581421","0.9342106580734252","0.25","0.15833333134651184","0.125","1","0.25","0.949999988079071","0.9315789937973022","0.22607007536006624","0.5044315760023892","0.8477206731831601","0.6937454730380509","0.12700887921806894","0.47474904146683544","0.8555223880597014","0.6316148550065503","0.5729680955410004","0.8785704548912164","0.790286588038118","0.15432519635821854","0.6649565128618896","0.95","0.5205000042915344","0.4802284836769104","0.5168343782424927","0.9859999418258668","0.5205000042915344","0.9390000104904176","0.9581634402275084","0.550000011920929","0.47833332419395447","0.4541667103767395","1","0.550000011920929","1","0.9815790057182312","0.14805971086025238","0.10604500025510788","0.13854682445526123","0.6370895504951477","0.14805971086025238","0.9554477334022522","0.4288806021213531","0.9292286038398744","0.17910447716712952","0.11293080449104308","0.09470608085393906","0.6716417670249939","0.17910447716712952","0.9925373196601868","0.4701492488384247","0.9554483294487","0.1210317462682724","0.08009987324476242","0.0670529380440712","0.6210317611694336","0.1210317462682724","0.9583333134651184","0.4275793731212616","0.986500322818756","0.1230158731341362","0.06120490282773971","0.04756256565451622","0.5853174328804016","0.1230158731341362","0.9454365372657776","0.4027777910232544","0.9876105785369872",""
"grad_accumulation_2","512","512","archs4_geo,cellxgene_census","geneformer","false","0.0001","1","0","true","4","0.0001","1","0","0.1","false","false","dot","true","4","LU","2048","bert","geneformer","false","/msc/home/mschae83/cellwhisperer/results/models/ablations/grad_accumulation/seed_2.ckpt","2","16","grad_accumulation_2","4","grad_accumulation_2","196","s0-n01","-","NVIDIA A100-SXM4-40GB","6.684841632843018","6.345613479614258","3.3033030033111572","0.8036320209503174","3.3033030033111572","0.8036320209503174","0.12999999523162842","0.07867532968521118","0.06583333760499954","0.7900000214576721","0.12999999523162842","0.9800000190734864","0.6000000238418579","0.9394949078559875","0.20999999344348907","0.14000000059604645","0.11400000751018524","0.8100000023841858","0.20999999344348907","0.9900000095367432","0.6000000238418579","0.9372727274894714","0.25","0.1783333420753479","0.15416666865348816","1","0.25","0.8999999761581421","0.9447370767593384","0.25","0.14166668057441711","0.10000000149011612","1","0.25","0.949999988079071","0.9421052932739258","0.24073822239694476","0.507315646391362","0.8470964861635759","0.7042246665023264","0.12431868401351474","0.4840928450968777","0.8549253731343284","0.6347245088294456","0.5746922940015793","0.8778525276206199","0.793791746167209","0.1565300573600749","0.6677361829994113","0.9479999999999998","0.546500027179718","0.5079596638679504","0.527269721031189","0.9805000424385072","0.546500027179718","0.9459999799728394","0.9488566517829896","0.699999988079071","0.6200000047683716","0.5874999761581421","1","0.699999988079071","1","0.9842106103897096","0.1747761219739914","0.12267763167619704","0.15573614835739136","0.6655224561691284","0.1747761219739914","0.9467910528182985","0.4600746035575866","0.9240124821662904","0.2238806039094925","0.14187897741794586","0.12138915807008745","0.7388059496879578","0.2238806039094925","0.9776119589805604","0.4776119291782379","0.9526427984237672","0.1513671875","0.10528978705406188","0.09122317284345628","0.6611328125","0.1513671875","0.9599609375","0.48828125","0.9856130480766296","0.1435546875","0.07648035138845444","0.06004238873720169","0.6259765625","0.1435546875","0.9423828125","0.4541015625","0.9866479635238647",""
"locking_mode_UL_1","16","16","archs4_geo,cellxgene_census","geneformer","false","0.000001","1","0","true","2","0.000001","1","0","0.1","false","false","dot","true","2","LU","2048","bert","geneformer","false","/msc/home/mschae83/cellwhisperer/results/models/ablations/locking_mode_UL/seed_1.ckpt","1","1","locking_mode_UL_1","2","locking_mode_UL_1","235","s0-n00","-","NVIDIA A100-SXM4-40GB","5.415725231170654","6.141446113586426","2.0398566722869873","1.5491070747375488","2.0398566722869873","1.5491070747375488","0.09000000357627869","0.05633333697915077","0.04733333736658096","0.6399999856948853","0.09000000357627869","0.959999978542328","0.4399999976158142","0.90353524684906","0.12999999523162842","0.0763888955116272","0.06167856603860855","0.6800000071525574","0.12999999523162842","0.9700000286102296","0.4699999988079071","0.9055556654930116","0.20000000298023224","0.12000000476837158","0.09750000387430192","0.8999999761581421","0.20000000298023224","0.75","0.8578948974609375","0.25","0.15000000596046448","0.10833333432674408","0.949999988079071","0.25","0.8500000238418579","0.8473685383796692","0.20643300498754755","0.4986586539307609","0.8636098487032826","0.659332316107176","0.13359150185399044","0.4548079916751615","0.8414179104477612","0.5006142853420279","0.5593497529625893","0.894226535211943","0.7532437375372033","0.14366564107373303","0.6044025919472734","0.9485","0.4324999749660492","0.35200047492980957","0.3878576159477234","0.99399995803833","0.4324999749660492","0.9089999198913574","0.937940776348114","0.44999998807907104","0.34761905670166016","0.31833332777023315","1","0.44999998807907104","0.949999988079071","0.949999988079071","0.11791044473648073","0.07606208324432373","0.1042504906654358","0.5653731226921082","0.11791044473648073","0.9524627327919006","0.3426119089126587","0.9149531722068788","0.1343283653259277","0.06871050596237183","0.053899358958005905","0.60447758436203","0.1343283653259277","0.9552238583564758","0.3507462739944458","0.9364829659461976","0.052579365670681","0.027214035391807556","0.02069195546209812","0.3898809552192688","0.052579365670681","0.8164682388305664","0.2380952388048172","0.9606229066848756","0.0555555559694767","0.02041606232523918","0.014606927521526814","0.3730158805847168","0.0555555559694767","0.7976190447807312","0.2251984179019928","0.9617164134979248",""
"clip_lite_2","512","512","archs4_geo,cellxgene_census","geneformer","false","0.00004","0","1","true","4","0.00004","0","1","","","","","","4","LU","2048","bert","geneformer","false","/msc/home/mschae83/cellwhisperer/results/models/ablations/clip_lite/seed_2.ckpt","2","1","clip_lite_2","4","clip_lite_2","196","s0-n00","-","NVIDIA A100-SXM4-40GB","2.373270273208618","2.247793436050415","3.6793441772460938","1.1090301275253296","2.373270273208618","2.247793436050415","0.14000000059604645","0.10000000149011612","0.08399999886751175","0.7799999713897705","0.14000000059604645","1","0.4699999988079071","0.9302021265029908","0.1599999964237213","0.09919047355651855","0.08033333718776703","0.7200000286102295","0.1599999964237213","0.9900000095367432","0.5600000023841858","0.9346464276313782","0.3499999940395355","0.2541666626930237","0.22380952537059784","1","0.3499999940395355","0.8999999761581421","0.9421054124832152","0.4000000059604645","0.30000001192092896","0.25833335518836975","1","0.4000000059604645","0.949999988079071","0.936842143535614","0.2364939850394433","0.5001024849771056","0.8432340962239205","0.6939549661616008","0.12875879236156104","0.4768504787260499","0.8510447761194029","0.596887648729718","0.5728329494595528","0.8765312710985963","0.7880584523602244","0.14384221690161753","0.6525930168498317","0.9375","0.44349998235702515","0.3796436190605163","0.5235708355903625","0.9869999885559082","0.44349998235702515","0.9310000538825988","0.94870787858963","0.5","0.38333335518836975","0.34333330392837524","1","0.5","1","0.9763158559799194","0.1161193996667862","0.06972866505384445","0.1035628542304039","0.5990298986434937","0.1161193996667862","0.9608955979347228","0.3731342852115631","0.923392415046692","0.11940298229455948","0.04560777544975281","0.030465930700302124","0.6641790866851807","0.11940298229455948","0.9925373196601868","0.35820895433425903","0.9464706182479858","0.0751953125","0.04998140037059784","0.04215840995311737","0.5498046875","0.0751953125","0.94921875","0.3486328125","0.9828332662582396","0.0947265625","0.044544368982315063","0.03415071219205856","0.4990234375","0.0947265625","0.9150390625","0.322265625","0.9849783182144164",""
"low_batchsize_grad_accumulation_0","16","16","archs4_geo,cellxgene_census","geneformer","false","0.00004","1","0","true","4","0.00004","1","0","0.1","false","false","dot","true","4","LU","2048","bert","geneformer","false","/msc/home/mschae83/cellwhisperer/results/models/ablations/low_batchsize_grad_accumulation/seed_0.ckpt","0","32","low_batchsize_grad_accumulation_0","4","low_batchsize_grad_accumulation_0","242","s0-n00","-","NVIDIA A100-SXM4-40GB","7.255366802215576","7.903900623321533","1.794474720954895","0.9081025123596193","1.794474720954895","0.9081025123596193","0.14000000059604645","0.09590476006269456","0.08416666090488434","0.7400000095367432","0.14000000059604645","0.9800000190734864","0.5199999809265137","0.9372726678848268","0.14000000059604645","0.07852380722761154","0.05783333629369736","0.7900000214576721","0.14000000059604645","1","0.550000011920929","0.9359595775604248","0.15000000596046448","0.07083334028720856","0.04880952462553978","0.949999988079071","0.15000000596046448","0.8999999761581421","0.9263159036636353","0.25","0.17500001192092896","0.14166666567325592","1","0.25","0.949999988079071","0.9184211492538452","0.2374461805701308","0.5045007402077317","0.8466530319616143","0.7005308951183299","0.13237020878655165","0.4808259386320642","0.848358208955224","0.5961834267458725","0.5725419744849205","0.8758701650572256","0.7919621621411378","0.1537626698369227","0.653562521123977","0.9445","0.5354999303817749","0.4807807803153992","0.5331476330757141","0.977999985218048","0.5354999303817749","0.9235000610351562","0.9496428370475768","0.6000000238418579","0.5","0.4599999785423279","1","0.6000000238418579","1","0.986842155456543","0.1473880559206009","0.097499318420887","0.15113234519958496","0.6319403052330017","0.1473880559206009","0.953358232975006","0.44477617740631104","0.9242169857025146","0.14179104566574097","0.08024165034294128","0.06720757484436035","0.6716417670249939","0.14179104566574097","0.9850746393203736","0.4925373196601868","0.949837327003479","0.1369047611951828","0.0952032059431076","0.08229327946901321","0.629960298538208","0.1369047611951828","0.9632936716079712","0.4573412835597992","0.9866765737533568","0.141865074634552","0.07830151915550232","0.0635882019996643","0.5942460298538208","0.141865074634552","0.9484127163887024","0.4126984179019928","0.987481415271759",""
"no_census_data_1","512","512","archs4_geo","geneformer","false","0.00004","1","0","true","4","0.00004","1","0","0.1","false","false","dot","true","4","LU","2048","bert","geneformer","false","/msc/home/mschae83/cellwhisperer/results/models/ablations/no_census_data/seed_1.ckpt","1","1","no_census_data_1","4","no_census_data_1","163","s0-n01","-","NVIDIA A100-SXM4-40GB","6.909008502960205","6.611141204833984","2.8138365745544434","2.3733067512512207","2.8138365745544434","2.3733067512512207","0.17000000178813934","0.1208571344614029","0.10333333164453506","0.800000011920929","0.17000000178813934","0.9800000190734864","0.5899999737739563","0.939292848110199","0.18000000715255737","0.11033333837985992","0.08649999648332596","0.8199999928474426","0.18000000715255737","0.9900000095367432","0.6499999761581421","0.9370707869529724","0.3499999940395355","0.25833332538604736","0.226666659116745","1","0.3499999940395355","0.8999999761581421","0.9263159036636353","0.30000001192092896","0.17000001668930054","0.12083333730697632","1","0.30000001192092896","0.949999988079071","0.9394738078117372","0.2255873896104716","0.5047529609873891","0.8513368373570994","0.6906352813745531","0.1263903182845702","0.4736585439908046","0.8644776119402985","0.633742882629637","0.574082262814045","0.8792696529426685","0.7995057858126693","0.14498589783447416","0.6691103104187838","0.9704999999999998","0.4739999771118164","0.399722158908844","0.4124813079833984","0.9565000534057616","0.4739999771118164","0.8585000038146973","0.928225040435791","0.44999998807907104","0.3583333492279053","0.3266666829586029","1","0.44999998807907104","0.8999999761581421","0.9710527658462524","0.1556716412305832","0.11194649338722228","0.13557785749435425","0.5785074830055237","0.1556716412305832","0.9289552569389344","0.41171640157699585","0.9082967042922974","0.18656715750694275","0.120713971555233","0.10650981962680817","0.6343283653259277","0.18656715750694275","0.9626865386962892","0.46268656849861145","0.9395129680633544","0.228515625","0.16548548638820648","0.14328962564468384","0.7421875","0.228515625","0.978515625","0.5791015625","0.9908835291862488","0.19921875","0.1274293065071106","0.10771378874778748","0.7177734375","0.19921875","0.9716796875","0.55859375","0.991257667541504",""
"grad_accumulation_0","512","512","archs4_geo,cellxgene_census","geneformer","false","0.0001","1","0","true","4","0.0001","1","0","0.1","false","false","dot","true","4","LU","2048","bert","geneformer","false","/msc/home/mschae83/cellwhisperer/results/models/ablations/grad_accumulation/seed_0.ckpt","0","16","grad_accumulation_0","4","grad_accumulation_0","195","s0-n00","-","NVIDIA A100-SXM4-40GB","6.679714202880859","6.487977981567383","3.29814076423645","0.7759264707565308","3.29814076423645","0.7759264707565308","0.17000000178813934","0.11119048297405244","0.0967777818441391","0.800000011920929","0.17000000178813934","0.9700000286102296","0.5400000214576721","0.9305049777030944","0.1899999976158142","0.10866666585206984","0.08016666769981384","0.7900000214576721","0.1899999976158142","0.9800000190734864","0.6200000047683716","0.9290908575057985","0.25","0.125","0.08500000834465027","1","0.25","0.949999988079071","0.936842143535614","0.3499999940395355","0.2750000059604645","0.24166664481163025","1","0.3499999940395355","0.949999988079071","0.9315789937973022","0.22905057213775593","0.5074250395409763","0.8483305364274579","0.6955765892972163","0.1278751116330615","0.4773507336586495","0.8488059701492539","0.6159679534378856","0.5756515190005302","0.8779971844920537","0.7817423368455435","0.1507412760702163","0.6577872697613197","0.9525","0.5415000319480896","0.4895590841770172","0.5232384204864502","0.9819999933242798","0.5415000319480896","0.930500030517578","0.9469388723373412","0.6499999761581421","0.5616666674613953","0.5291666388511658","1","0.6499999761581421","1","0.9763157963752748","0.1632835865020752","0.11227687448263168","0.12656913697719574","0.6641044616699219","0.1632835865020752","0.9470896124839784","0.4578358232975006","0.9254860877990724","0.18656715750694275","0.11633758991956712","0.10078135132789612","0.7388059496879578","0.18656715750694275","0.9776119589805604","0.5074626803398132","0.9542700052261353","0.1552734375","0.108609139919281","0.09324698895215988","0.677734375","0.1552734375","0.955078125","0.4931640625","0.9860522150993348","0.1494140625","0.08288387209177017","0.06700579822063446","0.6318359375","0.1494140625","0.94140625","0.451171875","0.9870182871818542",""
"locking_mode_UL_2","16","16","archs4_geo,cellxgene_census","geneformer","false","0.000001","1","0","true","2","0.000001","1","0","0.1","false","false","dot","true","2","LU","2048","bert","geneformer","false","/msc/home/mschae83/cellwhisperer/results/models/ablations/locking_mode_UL/seed_2.ckpt","2","1","locking_mode_UL_2","2","locking_mode_UL_2","259","s0-n01","-","NVIDIA A100-SXM4-40GB","5.5304999351501465","6.558215618133545","2.0523505210876465","1.4700158834457395","2.0523505210876465","1.4700158834457395","0.15000000596046448","0.0985238179564476","0.08083333820104599","0.6600000262260437","0.15000000596046448","0.959999978542328","0.4099999964237213","0.9051515460014344","0.14000000059604645","0.0799126997590065","0.06184523925185203","0.6800000071525574","0.14000000059604645","0.9700000286102296","0.47999998927116394","0.9022221565246582","0.25","0.15333333611488342","0.1225000023841858","0.8999999761581421","0.25","0.800000011920929","0.8815790414810181","0.20000000298023224","0.14166668057441711","0.11666667461395264","0.949999988079071","0.20000000298023224","0.949999988079071","0.8736842274665833","0.21138833441758623","0.4966807966120541","0.8585224461891353","0.6662333700281137","0.1463676850369966","0.458100833685918","0.8455223880597016","0.5003893763422795","0.5585641451179981","0.8950457745632084","0.7543615315656143","0.15945339159362687","0.6044383510086306","0.9495","0.3950000405311585","0.31767743825912476","0.4459948539733886","0.9704999923706056","0.3950000405311585","0.8760000467300415","0.9290264844894408","0.4000000059604645","0.28928571939468384","0.2600000202655792","1","0.4000000059604645","0.8999999761581421","0.9447368383407592","0.11425372958183289","0.07559709250926971","0.08723758906126022","0.5617163777351379","0.11425372958183289","0.9402984380722046","0.34865671396255493","0.9100143313407898","0.1492537260055542","0.07844113558530807","0.060717951506376266","0.60447758436203","0.1492537260055542","0.9552238583564758","0.3805970251560211","0.9291325807571412","0.0515873022377491","0.027606135234236717","0.02128324657678604","0.3998015820980072","0.0515873022377491","0.824404776096344","0.2380952388048172","0.9606613516807556","0.0615079365670681","0.02455887384712696","0.018157297745347023","0.3730158805847168","0.0615079365670681","0.8144841194152832","0.227182537317276","0.9615065455436708",""
"scgpt_1","512","512","archs4_geo,cellxgene_census","scgpt","false","0.00004","1","0","true","4","0.00004","1","0","0.1","false","false","dot","true","4","","","","scgpt","","/msc/home/mschae83/cellwhisperer/results/models/ablations/scgpt/seed_1.ckpt","1","1","scgpt_1","4","scgpt_1","727","s0-n11","-","NVIDIA A100-PCIE-40GB","7.364688873291016","6.932458400726318","3.3882827758789062","1.596621036529541","3.3882827758789062","1.596621036529541","0.10000000149011612","0.08500000089406967","0.08033332973718643","0.47999998927116394","0.10000000149011612","0.8899999856948853","0.3199999928474426","0.8338384032249451","0.10000000149011612","0.05499999597668648","0.0403333380818367","0.5","0.10000000149011612","0.8999999761581421","0.33000001311302185","0.8380807638168335","0.15000000596046448","0.11666667461395264","0.10000000149011612","1","0.15000000596046448","0.699999988079071","0.8368421792984009","0.20000000298023224","0.15000000596046448","0.125","0.949999988079071","0.20000000298023224","0.75","0.813157856464386","0.3340581827051938","0.53272720053792","0.8182769419194748","0.7438191758165003","0.13738180937983174","0.5368681863532047","0.878134328358209","0.6548001098287201","0.5902573093771935","0.8545319602540621","0.8098934799912545","0.1459562675481631","0.6849836330657227","0.964","0.5119999647140503","0.45935025811195374","0.5327637195587158","0.9725000262260436","0.5119999647140503","0.918999969959259","0.942958652973175","0.550000011920929","0.4833333492279053","0.4583333432674408","1","0.550000011920929","1","0.9763158559799194","0.2026865780353546","0.1432522088289261","0.1712435483932495","0.6870148777961731","0.2026865780353546","0.942835807800293","0.5017164349555969","0.9255456328392028","0.23880596458911896","0.15735311806201935","0.13780206441879272","0.7686567306518555","0.23880596458911896","0.9701492786407472","0.5447761416435242","0.9533161520957948","0.1201171875","0.0829690620303154","0.07154293358325958","0.5390625","0.1201171875","0.8720703125","0.3955078125","0.973407506942749","0.087890625","0.04129435867071152","0.031255751848220825","0.4951171875","0.087890625","0.8564453125","0.33984375","0.9754074811935424",""
"no_archs4_data_1","512","512","cellxgene_census","geneformer","false","0.00004","1","0","true","4","0.00004","1","0","0.1","false","false","dot","true","4","LU","2048","bert","geneformer","false","/msc/home/mschae83/cellwhisperer/results/models/ablations/no_archs4_data/seed_1.ckpt","1","1","no_archs4_data_1","4","no_archs4_data_1","175","s0-n00","-","NVIDIA A100-SXM4-40GB","5.987464904785156","5.760249137878418","3.173004388809204","2.061756134033203","3.173004388809204","2.061756134033203","0.019999999552965164","0.010588236153125765","0.010303029790520668","0.2300000041723251","0.019999999552965164","0.6600000262260437","0.15000000596046448","0.7363635897636414","0.05999999865889549","0.02909523993730545","0.02271367609500885","0.3100000023841858","0.05999999865889549","0.8399999737739563","0.20999999344348907","0.7419191002845764","0.4000000059604645","0.2783333361148834","0.23750002682209015","0.949999988079071","0.4000000059604645","0.75","0.8789474368095398","0.20000000298023224","0.14166668057441711","0.11666667461395264","0.949999988079071","0.20000000298023224","0.8999999761581421","0.8868421316146851","0.2349684586675521","0.5111044803634286","0.8593679064741707","0.6910761822146781","0.13460280845480352","0.47904970708188627","0.8575373134328358","0.6060285940899671","0.5653032064437866","0.8900928036467048","0.7725145092895508","0.15052639828070358","0.6479487699411015","0.9489999999999998","0.5534999966621399","0.48239555954933167","0.5538262128829956","0.975000023841858","0.5534999966621399","0.8969999551773071","0.9472278356552124","0.6499999761581421","0.550000011920929","0.5","1","0.6499999761581421","1","0.986842155456543","0.214104488492012","0.16758067905902865","0.2220611870288849","0.6990299224853516","0.214104488492012","0.954850733280182","0.5457462668418884","0.9344158172607422","0.2761194109916687","0.18794140219688416","0.16419687867164612","0.7910447716712952","0.2761194109916687","0.9925373196601868","0.6268656849861145","0.9647626876831056","0.240234375","0.18043503165245056","0.1576916128396988","0.7939453125","0.240234375","0.982421875","0.63671875","0.9921406507492064","0.1806640625","0.10237456858158112","0.08261299133300781","0.7275390625","0.1806640625","0.9755859375","0.5498046875","0.99329674243927",""
"data_augmentation_1","512","512","archs4_geo,cellxgene_census","geneformer","true","0.00004","1","0","true","4","0.00004","1","0","0.1","false","false","dot","true","4","LU","2048","bert","geneformer","false","/msc/home/mschae83/cellwhisperer/results/models/ablations/data_augmentation/seed_1.ckpt","1","1","data_augmentation_1","4","data_augmentation_1","198","s0-n00","-","NVIDIA A100-SXM4-40GB","7.133553504943848","6.771382808685303","3.193220853805542","0.6819819211959839","3.193220853805542","0.6819819211959839","0.2199999988079071","0.16700001060962677","0.1511666625738144","0.8500000238418579","0.2199999988079071","1","0.6100000143051147","0.9565656781196594","0.23999999463558197","0.16966667771339417","0.14166666567325592","0.8700000047683716","0.23999999463558197","1","0.7200000286102295","0.9557576179504396","0.20000000298023224","0.14166668057441711","0.11666667461395264","1","0.20000000298023224","0.949999988079071","0.9473685026168824","0.44999998807907104","0.3583333194255829","0.3166666626930237","1","0.44999998807907104","1","0.9421054124832152","0.242848298765514","0.5122543722391129","0.8524520768765929","0.702347419998368","0.12604155039771084","0.4858166970009983","0.8682835820895521","0.6380569869142697","0.5718514546751976","0.8823027479888115","0.7925388057481421","0.15522963980520144","0.6674824157792031","0.9525","0.4839999675750733","0.44424471259117126","0.5536771416664124","0.9735000729560852","0.4839999675750733","0.9049999117851256","0.9411426782608032","0.5","0.4226190447807312","0.4000000059604645","1","0.5","1","0.9842106103897096","0.1459701508283615","0.1065593734383583","0.16664472222328186","0.6248506903648376","0.1459701508283615","0.9446268677711488","0.4496268928050995","0.926492154598236","0.1492537260055542","0.08646786957979202","0.07299716025590897","0.746268630027771","0.1492537260055542","0.9850746393203736","0.4776119291782379","0.9633037447929382","0.1787109375","0.12216655910015106","0.10313837230205536","0.677734375","0.1787109375","0.9599609375","0.5048828125","0.9875375032424928","0.16796875","0.10528414696455002","0.08927365392446518","0.6728515625","0.16796875","0.955078125","0.482421875","0.9881858229637146",""
"full_model_2","512","512","archs4_geo,cellxgene_census","geneformer","false","0.00004","1","0","true","4","0.00004","1","0","0.1","false","false","dot","true","4","LU","2048","bert","geneformer","false","/msc/home/mschae83/cellwhisperer/results/models/ablations/full_model/seed_2.ckpt","2","1","full_model_2","4","full_model_2","198","s0-n11","-","NVIDIA A100-PCIE-40GB","7.363903045654297","6.759047508239746","2.990023374557495","0.6302603483200073","2.990023374557495","0.6302603483200073","0.1899999976158142","0.13741269707679749","0.12041667103767396","0.7599999904632568","0.1899999976158142","0.9800000190734864","0.5699999928474426","0.939393937587738","0.20999999344348907","0.15066666901111603","0.12950000166893005","0.800000011920929","0.20999999344348907","0.9900000095367432","0.6399999856948853","0.9368686079978944","0.25","0.14500001072883606","0.1041666716337204","1","0.25","0.8999999761581421","0.9421052932739258","0.4000000059604645","0.2916666865348816","0.25","1","0.4000000059604645","1","0.9473685026168824","0.2470937829541542","0.5114199770614505","0.8508400920571758","0.7076360565214134","0.12196487033063969","0.48871660551233936","0.8576865671641791","0.6465164753814527","0.5736006498336792","0.877713714728363","0.799715844337285","0.15534925953920548","0.6732776565174724","0.9475","0.5814999938011169","0.5328544974327087","0.526155948638916","0.9674999117851256","0.5814999938011169","0.8925000429153442","0.9529637098312378","0.75","0.6750000715255737","0.6416666507720947","1","0.75","0.949999988079071","0.9894737005233764","0.1773880422115326","0.13243266940116882","0.17345762252807617","0.6585820913314819","0.1773880422115326","0.942462682723999","0.4879104793071747","0.9270408153533936","0.2014925330877304","0.12002691626548768","0.10055970400571825","0.753731369972229","0.2014925330877304","0.9776119589805604","0.5447761416435242","0.96167653799057","0.220703125","0.16597765684127808","0.1465933918952942","0.751953125","0.220703125","0.9794921875","0.5732421875","0.9905559420585632","0.2099609375","0.13627420365810394","0.1163359060883522","0.7216796875","0.2099609375","0.9677734375","0.541015625","0.9910926222801208",""
"locking_mode_LL_0","512","512","archs4_geo,cellxgene_census","geneformer","false","0.00004","1","0","true","4","0.00004","1","0","0.1","false","false","dot","true","4","LL","","","","","/msc/home/mschae83/cellwhisperer/results/models/ablations/locking_mode_LL/seed_0.ckpt","0","1","locking_mode_LL_0","4","locking_mode_LL_0","171","s0-n11","-","NVIDIA A100-PCIE-40GB","5.661511421203613","6.402649879455566","4.361794948577881","1.4204976558685305","4.361794948577881","1.4204976558685305","0.09000000357627869","0.045079365372657776","0.036027777940034866","0.4399999976158142","0.09000000357627869","0.8899999856948853","0.30000001192092896","0.8060605525970459","0.09000000357627869","0.05633333697915077","0.04500000551342964","0.47999998927116394","0.09000000357627869","0.8799999952316284","0.33000001311302185","0.8145454525947571","0.20000000298023224","0.09761904925107956","0.06666667014360428","0.949999988079071","0.20000000298023224","0.75","0.8473684191703796","0.20000000298023224","0.125","0.09166666865348816","0.8999999761581421","0.20000000298023224","0.800000011920929","0.8684210777282715","0.22168947582930673","0.5061359242536128","0.8619513939611755","0.6955542365273867","0.13038926971887707","0.4744598788701021","0.8547014925373134","0.6107273922725034","0.5669453740119934","0.8914799220419264","0.7840588047839033","0.1485652243958068","0.6539105236894667","0.9515","0.3994999825954437","0.33891311287879944","0.3723058402538299","0.8960000276565552","0.3994999825954437","0.8029999732971191","0.8776318430900574","0.44999998807907104","0.3500000238418579","0.3100000023841858","0.8999999761581421","0.44999998807907104","0.8500000238418579","0.9263159036636353","0.07097014784812927","0.04055085405707359","0.06480138748884201","0.497462660074234","0.07097014784812927","0.8757463097572327","0.3061194121837616","0.8795626163482666","0.06716418266296387","0.02269335091114044","0.015323247760534286","0.5597015023231506","0.06716418266296387","0.9029850959777832","0.3283582031726837","0.9076983332633972","0.046875","0.026016928255558017","0.021430114284157753","0.296875","0.046875","0.6806640625","0.1796875","0.935234785079956","0.037109375","0.018533606082201004","0.014063157141208649","0.3056640625","0.037109375","0.6845703125","0.181640625","0.938230276107788",""
"scgpt_0","512","512","archs4_geo,cellxgene_census","scgpt","false","0.00004","1","0","true","4","0.00004","1","0","0.1","false","false","dot","true","4","","","","scgpt","","/msc/home/mschae83/cellwhisperer/results/models/ablations/scgpt/seed_0.ckpt","0","1","scgpt_0","4","scgpt_0","776","s0-n11","-","NVIDIA A100-PCIE-40GB","7.36092472076416","6.760417461395264","3.3852267265319824","1.5017290115356443","3.3852267265319824","1.5017290115356443","0.10000000149011612","0.07333333790302277","0.06366667151451111","0.4900000095367432","0.10000000149011612","0.8799999952316284","0.3199999928474426","0.8271716833114624","0.10000000149011612","0.07000000029802322","0.060333337634801865","0.5199999809265137","0.10000000149011612","0.8700000047683716","0.3400000035762787","0.8324242234230042","0.10000000149011612","0.0833333358168602","0.07500000298023224","0.949999988079071","0.10000000149011612","0.699999988079071","0.857894778251648","0.3499999940395355","0.22499999403953552","0.17499999701976776","0.949999988079071","0.3499999940395355","0.75","0.8473684191703796","0.31265277313730144","0.5339009538292885","0.8157916478770724","0.7396516506219912","0.1332926790332838","0.5287351258628604","0.8711940298507462","0.6254590063934192","0.588984951376915","0.8525754249438833","0.8027707154224323","0.14451556576040978","0.6724048910642555","0.9634999999999998","0.5330000519752502","0.47492265701293945","0.5038849115371704","0.9649999737739564","0.5330000519752502","0.8984999656677246","0.9351862668991088","0.6499999761581421","0.550000011920929","0.5083333253860474","1","0.6499999761581421","0.949999988079071","0.9763158559799194","0.18985073268413544","0.13885240256786346","0.1902884691953659","0.6445522308349609","0.18985073268413544","0.9244775772094728","0.47798508405685425","0.9211989045143129","0.23880596458911896","0.15831804275512695","0.1353488266468048","0.6865671873092651","0.23880596458911896","0.9402984976768494","0.5373134613037109","0.9550555944442748","0.1181640625","0.07829093933105469","0.0660160481929779","0.5439453125","0.1181640625","0.8681640625","0.384765625","0.9734476804733276","0.1044921875","0.050761230289936066","0.0396701879799366","0.4892578125","0.1044921875","0.8388671875","0.32421875","0.9750513434410096",""
"no_sample_weights_2","512","512","archs4_geo,cellxgene_census","geneformer","false","0.00004","1","0","false","4","0.00004","","","","","","","false","4","LU","2048","bert","geneformer","false","/msc/home/mschae83/cellwhisperer/results/models/ablations/no_sample_weights/seed_2.ckpt","2","1","no_sample_weights_2","4","no_sample_weights_2","235","s0-n11","-","NVIDIA A100-PCIE-40GB","7.346831798553467","6.959599018096924","3.0362396240234375","0.6330699920654297","3.0362396240234375","0.6330699920654297","0.1599999964237213","0.10285714268684389","0.08690909296274185","0.7699999809265137","0.1599999964237213","0.9800000190734864","0.550000011920929","0.9373736381530762","0.25","0.17499999701976776","0.14533333480358124","0.7900000214576721","0.25","0.9900000095367432","0.6600000262260437","0.93515145778656","0.25","0.16166667640209198","0.12916667759418488","1","0.25","0.800000011920929","0.923684298992157","0.3499999940395355","0.23666667938232425","0.19583334028720856","1","0.3499999940395355","0.8999999761581421","0.9289474487304688","0.24128701279814135","0.5114349899813533","0.8508592454626613","0.7040602436295209","0.1228615321933582","0.4855940821363385","0.8614179104477613","0.6410153244727358","0.5721364766359329","0.8780242917875312","0.7964151058343166","0.15649252921346282","0.6698556356476617","0.947","0.5435000061988831","0.4950474202632904","0.5401421785354614","0.9704999923706056","0.5435000061988831","0.8999999761581421","0.9496361017227172","0.6000000238418579","0.528333306312561","0.5041666626930237","1","0.6000000238418579","1","0.9842106103897096","0.1658208966255188","0.11713938415050508","0.1527017056941986","0.6409702301025391","0.1658208966255188","0.9395522475242616","0.4673880934715271","0.9200673699378968","0.17910447716712952","0.10676252096891405","0.08929164707660675","0.6791045069694519","0.17910447716712952","0.9850746393203736","0.5522388219833374","0.9584221839904784","0.23828125","0.17792658507823944","0.1552482843399048","0.78125","0.23828125","0.978515625","0.6103515625","0.9911116361618042","0.2099609375","0.13780170679092407","0.11769096553325652","0.734375","0.2099609375","0.966796875","0.556640625","0.9919602870941162",""
"clip_mixed_0","512","512","archs4_geo,cellxgene_census","geneformer","false","0.00004","0.5","0.5","true","4","0.00004","0.5","0.5","","","","","","4","LU","2048","bert","geneformer","false","/msc/home/mschae83/cellwhisperer/results/models/ablations/clip_mixed/seed_0.ckpt","0","1","clip_mixed_0","4","clip_mixed_0","241","s0-n00","-","NVIDIA A100-SXM4-40GB","3.390921115875244","2.727111577987671","3.064211368560791","0.7573666572570801","3.2275660037994385","1.7422391176223757","0.18000000715255737","0.1288333237171173","0.11342857033014296","0.7799999713897705","0.18000000715255737","0.9900000095367432","0.5799999833106995","0.9327272176742554","0.2199999988079071","0.16233333945274353","0.14116667211055756","0.800000011920929","0.2199999988079071","0.9900000095367432","0.6000000238418579","0.9307070970535278","0.3499999940395355","0.2541666626930237","0.22380952537059784","0.949999988079071","0.3499999940395355","0.8999999761581421","0.9052633047103882","0.4000000059604645","0.30000001192092896","0.25833335518836975","0.949999988079071","0.4000000059604645","0.949999988079071","0.9105263948440552","0.24122557569783817","0.5102530838921666","0.8470795622522015","0.7061908231061169","0.12116293366755322","0.485889827565374","0.8546268656716418","0.6278001589614184","0.5732158571481705","0.8769399549598347","0.7907769067641491","0.1472553313069563","0.663930974291246","0.95","0.5274999737739563","0.4872671961784363","0.5393565893173218","0.9690000414848328","0.5274999737739563","0.9010001420974731","0.9444321393966676","0.6499999761581421","0.5666667222976685","0.5249999761581421","1","0.6499999761581421","1","0.9842106103897096","0.1688806116580963","0.12643849849700928","0.20486418902873993","0.6826119422912598","0.1688806116580963","0.9391791224479676","0.4870148897171021","0.9228318333625792","0.17910447716712952","0.104110024869442","0.08586486428976059","0.753731369972229","0.17910447716712952","0.9925373196601868","0.5746268630027771","0.962293803691864","0.201171875","0.1545914113521576","0.13820452988147736","0.7392578125","0.201171875","0.9736328125","0.5625","0.9907650351524352","0.1962890625","0.12444785237312316","0.1045820415019989","0.71484375","0.1962890625","0.970703125","0.5390625","0.9912376403808594",""
"locking_mode_LL_1","512","512","archs4_geo,cellxgene_census","geneformer","false","0.00004","1","0","true","4","0.00004","1","0","0.1","false","false","dot","true","4","LL","","","","","/msc/home/mschae83/cellwhisperer/results/models/ablations/locking_mode_LL/seed_1.ckpt","1","1","locking_mode_LL_1","4","locking_mode_LL_1","183","s0-n02","-","NVIDIA A100-SXM4-80GB","5.662086009979248","6.224356651306152","4.35852575302124","1.423901081085205","4.35852575302124","1.423901081085205","0.10999999940395357","0.0716666653752327","0.05666666850447655","0.4699999988079071","0.10999999940395357","0.8600000143051147","0.33000001311302185","0.8173737525939941","0.10000000149011612","0.07119046896696091","0.05999999865889549","0.5099999904632568","0.10000000149011612","0.8999999761581421","0.3499999940395355","0.8232323527336121","0.25","0.11499999463558196","0.07666666805744171","1","0.25","0.699999988079071","0.8631580471992493","0.25","0.19166667759418488","0.1666666567325592","0.949999988079071","0.25","0.800000011920929","0.8631579279899597","0.2305146612377364","0.505888422485441","0.8610947434142593","0.6920604925924209","0.12922112086409415","0.4761545254385327","0.8582835820895524","0.6099308376047138","0.564705066382885","0.8895065754667593","0.787923629911776","0.15272929353285866","0.6541865112997916","0.927","0.3219999670982361","0.27220720052719116","0.34699884057044983","0.9329999685287476","0.3219999670982361","0.7915000319480896","0.8923252820968628","0.30000001192092896","0.2144444435834885","0.19374999403953552","0.949999988079071","0.30000001192092896","0.8500000238418579","0.9131579399108888","0.05902985110878944","0.03187431022524834","0.06435861438512802","0.4484328329563141","0.05902985110878944","0.8655223846435547","0.2836567461490631","0.8634343147277832","0.05223880708217621","0.016984103247523308","0.01120924111455679","0.5","0.05223880708217621","0.89552241563797","0.3208955228328705","0.8892942070960999","0.0400390625","0.016346143558621407","0.01256122812628746","0.2890625","0.0400390625","0.6943359375","0.19140625","0.9369281530380248","0.046875","0.02354238368570805","0.017994532361626625","0.3056640625","0.046875","0.6962890625","0.1845703125","0.9401357173919678",""
"data_augmentation_0","512","512","archs4_geo,cellxgene_census","geneformer","true","0.00004","1","0","true","4","0.00004","1","0","0.1","false","false","dot","true","4","LU","2048","bert","geneformer","false","/msc/home/mschae83/cellwhisperer/results/models/ablations/data_augmentation/seed_0.ckpt","0","1","data_augmentation_0","4","data_augmentation_0","192","s0-n02","-","NVIDIA A100-SXM4-80GB","7.124171733856201","6.283757209777832","3.198408365249634","0.7584848403930664","3.198408365249634","0.7584848403930664","0.17000000178813934","0.116857148706913","0.10235714167356492","0.8100000023841858","0.17000000178813934","0.9800000190734864","0.6200000047683716","0.9447473883628844","0.2199999988079071","0.1626666635274887","0.14166666567325592","0.8100000023841858","0.2199999988079071","0.9900000095367432","0.6200000047683716","0.9457575082778932","0.25","0.1366666853427887","0.09583333879709244","0.949999988079071","0.25","0.8999999761581421","0.9236844182014464","0.44999998807907104","0.3449999988079071","0.30416667461395264","1","0.44999998807907104","0.949999988079071","0.936842143535614","0.2550213410955826","0.5123726008459926","0.8524852814106998","0.7074807506306434","0.12863940385929667","0.4916248975240729","0.8588805970149254","0.6228089140988441","0.5720617845654488","0.8802153065069069","0.7869175111195168","0.15624264399214816","0.6605960699279366","0.953","0.5435000061988831","0.48616498708724976","0.523851752281189","0.9764999151229858","0.5435000061988831","0.9070000648498536","0.948372483253479","0.6000000238418579","0.491666704416275","0.44166669249534607","1","0.6000000238418579","1","0.9815790057182312","0.16238805651664734","0.1203465536236763","0.16748571395874023","0.6641790866851807","0.16238805651664734","0.9462685585021972","0.4849253296852112","0.9261072874069214","0.17910447716712952","0.10993670672178268","0.09295042604207993","0.753731369972229","0.17910447716712952","0.9850746393203736","0.5447761416435242","0.9624059796333312","0.173828125","0.12667293846607208","0.11100337654352188","0.6875","0.173828125","0.958984375","0.5087890625","0.9877380132675172","0.17578125","0.10590030997991562","0.08758078515529633","0.6796875","0.17578125","0.9580078125","0.5078125","0.9878525733947754",""
"data_augmentation_2","512","512","archs4_geo,cellxgene_census","geneformer","true","0.00004","1","0","true","4","0.00004","1","0","0.1","false","false","dot","true","4","LU","2048","bert","geneformer","false","/msc/home/mschae83/cellwhisperer/results/models/ablations/data_augmentation/seed_2.ckpt","2","1","data_augmentation_2","4","data_augmentation_2","191","s0-n02","-","NVIDIA A100-SXM4-80GB","7.1141743659973145","6.1507134437561035","3.195913314819336","0.7802941203117371","3.195913314819336","0.7802941203117371","0.2199999988079071","0.15300865471363068","0.12999999523162842","0.7900000214576721","0.2199999988079071","0.9800000190734864","0.5899999737739563","0.9443433880805968","0.23999999463558197","0.17499999701976776","0.15066666901111603","0.8600000143051147","0.23999999463558197","0.9900000095367432","0.6499999761581421","0.9411109685897828","0.20000000298023224","0.1366666853427887","0.11249999701976776","1","0.20000000298023224","1","0.936842143535614","0.4000000059604645","0.3033333420753479","0.26249998807907104","1","0.4000000059604645","1","0.9394738078117372","0.24427128207971388","0.5119693353772163","0.8529309157900475","0.706780959169473","0.12466867443957497","0.4876738588754677","0.8599253731343283","0.6437637563349332","0.5728434398770332","0.8795081410107523","0.7980176579948244","0.1583637513393413","0.6715416180689303","0.9515","0.5525000095367432","0.5020114183425903","0.5213398933410645","0.9670000076293944","0.5525000095367432","0.8984999656677246","0.9458953738212584","0.699999988079071","0.6000000834465027","0.550000011920929","1","0.699999988079071","0.949999988079071","0.9763158559799194","0.16179101169109344","0.1127384826540947","0.1482808142900467","0.6365671753883362","0.16179101169109344","0.9364925026893616","0.47298508882522583","0.921828269958496","0.17164179682731628","0.09419622272253036","0.07588841021060944","0.6940298676490784","0.17164179682731628","0.9626865386962892","0.5373134613037109","0.958085596561432","0.177734375","0.1268911212682724","0.10996174812316896","0.669921875","0.177734375","0.9599609375","0.5029296875","0.9869667291641236","0.166015625","0.09812892973423004","0.08050289750099182","0.6748046875","0.166015625","0.9501953125","0.4892578125","0.987752377986908",""
"no_census_data_2","512","512","archs4_geo","geneformer","false","0.00004","1","0","true","4","0.00004","1","0","0.1","false","false","dot","true","4","LU","2048","bert","geneformer","false","/msc/home/mschae83/cellwhisperer/results/models/ablations/no_census_data/seed_2.ckpt","2","1","no_census_data_2","4","no_census_data_2","162","s0-n02","-","NVIDIA A100-SXM4-80GB","6.9033942222595215","6.566401481628418","2.819869041442871","2.379310607910156","2.819869041442871","2.379310607910156","0.18000000715255737","0.13483333587646484","0.11726190894842148","0.7799999713897705","0.18000000715255737","0.9900000095367432","0.5099999904632568","0.9361615777015686","0.20000000298023224","0.12566667795181274","0.09783333539962769","0.7799999713897705","0.20000000298023224","0.9800000190734864","0.6100000143051147","0.930808126926422","0.25","0.18333333730697632","0.15833333134651184","1","0.25","0.949999988079071","0.9289475679397584","0.4000000059604645","0.2750000059604645","0.2250000238418579","1","0.4000000059604645","0.949999988079071","0.923684298992157","0.2136309836262228","0.5042463508434594","0.8535875615306338","0.6893027804523356","0.12362292810589363","0.4690600383073393","0.8748507462686567","0.6273923221972694","0.5764989629387856","0.8807232591828743","0.7978841067624765","0.14030246221486922","0.667258463966177","0.969","0.5254999995231628","0.45385369658470154","0.4946780800819397","0.9319999814033508","0.5254999995231628","0.8475000262260437","0.910348415374756","0.6499999761581421","0.5416666269302368","0.491666704416275","0.949999988079071","0.6499999761581421","0.949999988079071","0.9578949213027954","0.14380596578121185","0.10849961638450624","0.12204433232545853","0.5823134183883667","0.14380596578121185","0.9350746273994446","0.39194032549858093","0.9071486592292786","0.17910447716712952","0.1197233647108078","0.10525349527597427","0.6641790866851807","0.17910447716712952","0.9701492786407472","0.43283581733703613","0.935641348361969","0.2138671875","0.1579720377922058","0.13874903321266174","0.7421875","0.2138671875","0.9716796875","0.5673828125","0.9906027913093568","0.2041015625","0.13250517845153809","0.11269109696149826","0.724609375","0.2041015625","0.970703125","0.548828125","0.9910525679588318",""